epoch,l10.1_phys0.5|deploy|clean|mpjpe_cm_mean,l10.1_phys0.5|deploy|clean|coks_radii,l10.1_phys0.5|deploy|clean|max_pen4_after_cm,l10.1_phys0.5|deploy|clean|max_pen_after_cm,l10.1_phys0.5|deploy|clean|jitter_after_mean,l10.1_phys0.5|deploy|clean|proj_frames_pct,l10.1_phys0.5|deploy|clean|collateral_pos_cm,l10.1_phys0.5|deploy|clean|pck_frame_10cm,l10.1_phys0.5|deploy|clean|clean_frames_after_pct,l10.1_phys0.5|deploy|clean|depth_removal_pct,l10.1_phys0.5|deploy|legacy80|mpjpe_cm_mean,l10.1_phys0.5|deploy|legacy80|coks_radii,l10.1_phys0.5|deploy|legacy80|max_pen4_after_cm,l10.1_phys0.5|deploy|legacy80|max_pen_after_cm,l10.1_phys0.5|deploy|legacy80|jitter_after_mean,l10.1_phys0.5|deploy|legacy80|proj_frames_pct,l10.1_phys0.5|deploy|legacy80|collateral_pos_cm,l10.1_phys0.5|deploy|legacy80|intent_mae_deg,l10.1_phys0.5|deploy|legacy80|clean_frames_after_pct,l10.1_phys0.5|deploy|legacy80|depth_removal_pct,l10.1_phys0.5|deploy|transient|mpjpe_cm_mean,l10.1_phys0.5|deploy|transient|coks_radii,l10.1_phys0.5|deploy|transient|max_pen4_after_cm,l10.1_phys0.5|deploy|transient|max_pen_after_cm,l10.1_phys0.5|deploy|transient|jitter_after_mean,l10.1_phys0.5|deploy|transient|proj_frames_pct,l10.1_phys0.5|deploy|transient|collateral_pos_cm,l10.1_phys0.5|deploy|transient|intent_mae_deg,l10.1_phys0.5|deploy|transient|pck_frame_10cm,l10.1_phys0.5|deploy|transient|clean_frames_after_pct,l10.1_phys0.5|deploy|transient|depth_removal_pct,l10.1_phys0.5|deploy|persistent|mpjpe_cm_mean,l10.1_phys0.5|deploy|persistent|coks_radii,l10.1_phys0.5|deploy|persistent|max_pen4_after_cm,l10.1_phys0.5|deploy|persistent|max_pen_after_cm,l10.1_phys0.5|deploy|persistent|jitter_after_mean,l10.1_phys0.5|deploy|persistent|proj_frames_pct,l10.1_phys0.5|deploy|persistent|collateral_pos_cm,l10.1_phys0.5|deploy|persistent|intent_mae_deg,l10.1_phys0.5|deploy|persistent|clean_frames_after_pct,l10.1_phys0.5|deploy|persistent|depth_removal_pct,l10.1_phys0.5|modelonly|legacy80|mpjpe_cm_mean,l10.1_phys0.5|modelonly|legacy80|coks_radii,l10.1_phys0.5|modelonly|legacy80|max_pen4_after_cm,l10.1_phys0.5|modelonly|legacy80|max_pen_after_cm,l10.1_phys0.5|modelonly|legacy80|jitter_after_mean,l10.1_phys0.5|modelonly|legacy80|collateral_pos_cm,l10.1_phys0.5|modelonly|legacy80|intent_mae_deg,l10.1_phys0.5|modelonly|legacy80|clean_frames_after_pct,l10.1_phys0.5|modelonly|legacy80|depth_removal_pct,l10.1_phys0.5|modelonly|persistent|mpjpe_cm_mean,l10.1_phys0.5|modelonly|persistent|coks_radii,l10.1_phys0.5|modelonly|persistent|max_pen4_after_cm,l10.1_phys0.5|modelonly|persistent|max_pen_after_cm,l10.1_phys0.5|modelonly|persistent|jitter_after_mean,l10.1_phys0.5|modelonly|persistent|collateral_pos_cm,l10.1_phys0.5|modelonly|persistent|intent_mae_deg,l10.1_phys0.5|modelonly|persistent|clean_frames_after_pct,l10.1_phys0.5|modelonly|persistent|depth_removal_pct,MSEOnly_1.3_e500_phys0.3|deploy|clean|mpjpe_cm_mean,MSEOnly_1.3_e500_phys0.3|deploy|clean|coks_radii,MSEOnly_1.3_e500_phys0.3|deploy|clean|max_pen4_after_cm,MSEOnly_1.3_e500_phys0.3|deploy|clean|max_pen_after_cm,MSEOnly_1.3_e500_phys0.3|deploy|clean|jitter_after_mean,MSEOnly_1.3_e500_phys0.3|deploy|clean|proj_frames_pct,MSEOnly_1.3_e500_phys0.3|deploy|clean|collateral_pos_cm,MSEOnly_1.3_e500_phys0.3|deploy|clean|pck_frame_10cm,MSEOnly_1.3_e500_phys0.3|deploy|clean|clean_frames_after_pct,MSEOnly_1.3_e500_phys0.3|deploy|clean|depth_removal_pct,MSEOnly_1.3_e500_phys0.3|deploy|legacy80|mpjpe_cm_mean,MSEOnly_1.3_e500_phys0.3|deploy|legacy80|coks_radii,MSEOnly_1.3_e500_phys0.3|deploy|legacy80|max_pen4_after_cm,MSEOnly_1.3_e500_phys0.3|deploy|legacy80|max_pen_after_cm,MSEOnly_1.3_e500_phys0.3|deploy|legacy80|jitter_after_mean,MSEOnly_1.3_e500_phys0.3|deploy|legacy80|proj_frames_pct,MSEOnly_1.3_e500_phys0.3|deploy|legacy80|collateral_pos_cm,MSEOnly_1.3_e500_phys0.3|deploy|legacy80|intent_mae_deg,MSEOnly_1.3_e500_phys0.3|deploy|legacy80|clean_frames_after_pct,MSEOnly_1.3_e500_phys0.3|deploy|legacy80|depth_removal_pct,MSEOnly_1.3_e500_phys0.3|deploy|transient|mpjpe_cm_mean,MSEOnly_1.3_e500_phys0.3|deploy|transient|coks_radii,MSEOnly_1.3_e500_phys0.3|deploy|transient|max_pen4_after_cm,MSEOnly_1.3_e500_phys0.3|deploy|transient|max_pen_after_cm,MSEOnly_1.3_e500_phys0.3|deploy|transient|jitter_after_mean,MSEOnly_1.3_e500_phys0.3|deploy|transient|proj_frames_pct,MSEOnly_1.3_e500_phys0.3|deploy|transient|collateral_pos_cm,MSEOnly_1.3_e500_phys0.3|deploy|transient|intent_mae_deg,MSEOnly_1.3_e500_phys0.3|deploy|transient|pck_frame_10cm,MSEOnly_1.3_e500_phys0.3|deploy|transient|clean_frames_after_pct,MSEOnly_1.3_e500_phys0.3|deploy|transient|depth_removal_pct,MSEOnly_1.3_e500_phys0.3|deploy|persistent|mpjpe_cm_mean,MSEOnly_1.3_e500_phys0.3|deploy|persistent|coks_radii,MSEOnly_1.3_e500_phys0.3|deploy|persistent|max_pen4_after_cm,MSEOnly_1.3_e500_phys0.3|deploy|persistent|max_pen_after_cm,MSEOnly_1.3_e500_phys0.3|deploy|persistent|jitter_after_mean,MSEOnly_1.3_e500_phys0.3|deploy|persistent|proj_frames_pct,MSEOnly_1.3_e500_phys0.3|deploy|persistent|collateral_pos_cm,MSEOnly_1.3_e500_phys0.3|deploy|persistent|intent_mae_deg,MSEOnly_1.3_e500_phys0.3|deploy|persistent|clean_frames_after_pct,MSEOnly_1.3_e500_phys0.3|deploy|persistent|depth_removal_pct,MSEOnly_1.3_e500_phys0.3|modelonly|legacy80|mpjpe_cm_mean,MSEOnly_1.3_e500_phys0.3|modelonly|legacy80|coks_radii,MSEOnly_1.3_e500_phys0.3|modelonly|legacy80|max_pen4_after_cm,MSEOnly_1.3_e500_phys0.3|modelonly|legacy80|max_pen_after_cm,MSEOnly_1.3_e500_phys0.3|modelonly|legacy80|jitter_after_mean,MSEOnly_1.3_e500_phys0.3|modelonly|legacy80|collateral_pos_cm,MSEOnly_1.3_e500_phys0.3|modelonly|legacy80|intent_mae_deg,MSEOnly_1.3_e500_phys0.3|modelonly|legacy80|clean_frames_after_pct,MSEOnly_1.3_e500_phys0.3|modelonly|legacy80|depth_removal_pct,MSEOnly_1.3_e500_phys0.3|modelonly|persistent|mpjpe_cm_mean,MSEOnly_1.3_e500_phys0.3|modelonly|persistent|coks_radii,MSEOnly_1.3_e500_phys0.3|modelonly|persistent|max_pen4_after_cm,MSEOnly_1.3_e500_phys0.3|modelonly|persistent|max_pen_after_cm,MSEOnly_1.3_e500_phys0.3|modelonly|persistent|jitter_after_mean,MSEOnly_1.3_e500_phys0.3|modelonly|persistent|collateral_pos_cm,MSEOnly_1.3_e500_phys0.3|modelonly|persistent|intent_mae_deg,MSEOnly_1.3_e500_phys0.3|modelonly|persistent|clean_frames_after_pct,MSEOnly_1.3_e500_phys0.3|modelonly|persistent|depth_removal_pct,tfmL_d256h8L4f1024_phys0.3|deploy|clean|mpjpe_cm_mean,tfmL_d256h8L4f1024_phys0.3|deploy|clean|coks_radii,tfmL_d256h8L4f1024_phys0.3|deploy|clean|max_pen4_after_cm,tfmL_d256h8L4f1024_phys0.3|deploy|clean|max_pen_after_cm,tfmL_d256h8L4f1024_phys0.3|deploy|clean|jitter_after_mean,tfmL_d256h8L4f1024_phys0.3|deploy|clean|proj_frames_pct,tfmL_d256h8L4f1024_phys0.3|deploy|clean|collateral_pos_cm,tfmL_d256h8L4f1024_phys0.3|deploy|clean|pck_frame_10cm,tfmL_d256h8L4f1024_phys0.3|deploy|clean|clean_frames_after_pct,tfmL_d256h8L4f1024_phys0.3|deploy|clean|depth_removal_pct,tfmL_d256h8L4f1024_phys0.3|deploy|legacy80|mpjpe_cm_mean,tfmL_d256h8L4f1024_phys0.3|deploy|legacy80|coks_radii,tfmL_d256h8L4f1024_phys0.3|deploy|legacy80|max_pen4_after_cm,tfmL_d256h8L4f1024_phys0.3|deploy|legacy80|max_pen_after_cm,tfmL_d256h8L4f1024_phys0.3|deploy|legacy80|jitter_after_mean,tfmL_d256h8L4f1024_phys0.3|deploy|legacy80|proj_frames_pct,tfmL_d256h8L4f1024_phys0.3|deploy|legacy80|collateral_pos_cm,tfmL_d256h8L4f1024_phys0.3|deploy|legacy80|intent_mae_deg,tfmL_d256h8L4f1024_phys0.3|deploy|legacy80|clean_frames_after_pct,tfmL_d256h8L4f1024_phys0.3|deploy|legacy80|depth_removal_pct,tfmL_d256h8L4f1024_phys0.3|deploy|transient|mpjpe_cm_mean,tfmL_d256h8L4f1024_phys0.3|deploy|transient|coks_radii,tfmL_d256h8L4f1024_phys0.3|deploy|transient|max_pen4_after_cm,tfmL_d256h8L4f1024_phys0.3|deploy|transient|max_pen_after_cm,tfmL_d256h8L4f1024_phys0.3|deploy|transient|jitter_after_mean,tfmL_d256h8L4f1024_phys0.3|deploy|transient|proj_frames_pct,tfmL_d256h8L4f1024_phys0.3|deploy|transient|collateral_pos_cm,tfmL_d256h8L4f1024_phys0.3|deploy|transient|intent_mae_deg,tfmL_d256h8L4f1024_phys0.3|deploy|transient|pck_frame_10cm,tfmL_d256h8L4f1024_phys0.3|deploy|transient|clean_frames_after_pct,tfmL_d256h8L4f1024_phys0.3|deploy|transient|depth_removal_pct,tfmL_d256h8L4f1024_phys0.3|deploy|persistent|mpjpe_cm_mean,tfmL_d256h8L4f1024_phys0.3|deploy|persistent|coks_radii,tfmL_d256h8L4f1024_phys0.3|deploy|persistent|max_pen4_after_cm,tfmL_d256h8L4f1024_phys0.3|deploy|persistent|max_pen_after_cm,tfmL_d256h8L4f1024_phys0.3|deploy|persistent|jitter_after_mean,tfmL_d256h8L4f1024_phys0.3|deploy|persistent|proj_frames_pct,tfmL_d256h8L4f1024_phys0.3|deploy|persistent|collateral_pos_cm,tfmL_d256h8L4f1024_phys0.3|deploy|persistent|intent_mae_deg,tfmL_d256h8L4f1024_phys0.3|deploy|persistent|clean_frames_after_pct,tfmL_d256h8L4f1024_phys0.3|deploy|persistent|depth_removal_pct,tfmL_d256h8L4f1024_phys0.3|modelonly|legacy80|mpjpe_cm_mean,tfmL_d256h8L4f1024_phys0.3|modelonly|legacy80|coks_radii,tfmL_d256h8L4f1024_phys0.3|modelonly|legacy80|max_pen4_after_cm,tfmL_d256h8L4f1024_phys0.3|modelonly|legacy80|max_pen_after_cm,tfmL_d256h8L4f1024_phys0.3|modelonly|legacy80|jitter_after_mean,tfmL_d256h8L4f1024_phys0.3|modelonly|legacy80|collateral_pos_cm,tfmL_d256h8L4f1024_phys0.3|modelonly|legacy80|intent_mae_deg,tfmL_d256h8L4f1024_phys0.3|modelonly|legacy80|clean_frames_after_pct,tfmL_d256h8L4f1024_phys0.3|modelonly|legacy80|depth_removal_pct,tfmL_d256h8L4f1024_phys0.3|modelonly|persistent|mpjpe_cm_mean,tfmL_d256h8L4f1024_phys0.3|modelonly|persistent|coks_radii,tfmL_d256h8L4f1024_phys0.3|modelonly|persistent|max_pen4_after_cm,tfmL_d256h8L4f1024_phys0.3|modelonly|persistent|max_pen_after_cm,tfmL_d256h8L4f1024_phys0.3|modelonly|persistent|jitter_after_mean,tfmL_d256h8L4f1024_phys0.3|modelonly|persistent|collateral_pos_cm,tfmL_d256h8L4f1024_phys0.3|modelonly|persistent|intent_mae_deg,tfmL_d256h8L4f1024_phys0.3|modelonly|persistent|clean_frames_after_pct,tfmL_d256h8L4f1024_phys0.3|modelonly|persistent|depth_removal_pct
20,9.55,0.5049,0.0,6.96,0.5742,1.38,9.55,0.01,96.07,-2756.8,11.4,0.5052,0.0,6.95,0.6084,3.22,10.453,8.39,94.54,95.0,9.82,0.5434,0.09,6.49,0.6123,1.31,8.741,8.0,0.02,96.48,85.8,9.86,0.533,0.0,6.72,0.5936,1.34,8.83,7.87,96.39,97.6,,,,,,,,,,,,,,,,,,,2.27,0.7249,0.0,1.63,0.4498,0.2,2.266,73.18,99.9,71.1,5.12,0.7403,0.0,4.56,0.5994,37.82,2.214,3.09,90.27,87.7,2.78,0.7493,0.0,5.12,0.5419,6.44,2.142,2.92,56.13,94.89,81.7,3.5,0.7272,0.03,6.33,0.5839,48.18,2.335,2.9,71.72,82.7,4.87,0.756,8.94,9.13,1.2433,2.065,2.63,61.39,-122.4,3.38,0.7428,8.94,9.25,1.2992,2.17,2.57,42.17,21.9,2.46,0.7001,0.0,1.46,0.4016,0.22,2.463,73.01,99.93,77.4,4.41,0.7132,0.0,5.25,0.4618,32.21,2.348,3.22,87.14,76.8,2.9,0.7269,0.0,5.76,0.4717,5.36,2.326,2.98,56.96,95.64,84.0,3.18,0.7183,0.0,5.79,0.4208,18.54,2.388,2.88,85.96,90.4,4.47,0.7176,8.93,9.13,0.8547,2.326,2.9,65.75,-65.4,3.11,0.7267,8.45,8.18,0.8585,2.291,2.6,72.9,74.5
40,4.31,0.5861,0.0,2.28,0.4347,0.07,4.308,0.88,99.93,71.2,5.52,0.6239,0.0,5.34,0.4692,17.76,4.041,4.18,87.09,76.5,4.58,0.6268,0.0,4.23,0.4839,1.98,3.915,3.77,1.75,98.24,94.2,4.6,0.6238,0.0,3.41,0.4537,0.42,3.902,3.63,98.76,99.4,,,,,,,,,,,,,,,,,,,1.73,0.7771,0.0,1.68,0.4308,0.46,1.727,91.73,99.83,48.8,3.89,0.7301,0.0,4.38,0.4596,2.6,2.232,2.66,90.53,84.6,2.25,0.7974,0.0,5.29,0.5149,6.98,1.632,2.13,69.35,94.38,78.9,2.63,0.7816,0.0,5.97,0.4735,22.33,1.755,2.13,84.93,90.4,3.88,0.7329,8.92,8.71,1.1263,2.221,2.35,88.46,73.2,2.55,0.7924,7.34,7.09,1.0603,1.654,1.83,68.94,69.5,1.53,0.8063,0.0,0.58,0.3914,0.27,1.528,93.94,99.95,93.6,3.14,0.814,0.0,4.94,0.3843,1.57,1.551,2.4,98.82,97.7,2.04,0.8236,0.0,5.72,0.4709,6.57,1.448,2.08,70.95,94.41,80.6,2.21,0.8028,0.0,5.92,0.4079,6.48,1.594,2.06,92.28,95.8,3.06,0.8225,8.32,8.12,0.623,1.464,2.0,97.89,92.1,2.1,0.8193,7.28,7.03,0.6722,1.464,1.72,88.43,91.1
50,4.49,0.5834,0.0,0.97,0.4436,0.09,4.491,0.48,99.97,92.6,6.1,0.6027,0.0,5.75,0.5024,21.47,4.719,4.17,83.93,62.3,4.77,0.6246,0.0,3.96,0.4919,1.43,4.078,3.81,0.73,98.44,95.5,4.86,0.6216,0.0,3.8,0.4599,2.27,4.087,3.67,97.09,98.8,6.28,0.5956,8.94,8.99,1.3463,4.879,3.88,69.88,-9.7,4.94,0.6153,4.95,6.32,1.2381,4.162,3.44,95.44,96.2,1.35,0.8281,0.0,2.03,0.424,0.25,1.352,97.29,99.96,76.1,3.03,0.8328,0.0,4.55,0.4395,1.88,1.429,2.22,98.53,97.5,1.9,0.8432,0.0,5.08,0.5053,7.33,1.289,1.77,73.71,94.08,78.1,2.15,0.8295,0.08,5.97,0.4441,11.6,1.397,1.8,89.69,93.9,2.99,0.8398,8.77,8.53,0.9779,1.383,1.85,97.39,89.9,2.07,0.8452,7.2,7.2,0.9497,1.294,1.48,81.55,84.1,1.35,0.8239,0.0,2.0,0.3919,0.21,1.354,96.99,99.81,10.2,2.91,0.835,0.0,4.63,0.3808,1.59,1.362,2.26,98.74,97.7,1.87,0.8387,0.0,4.43,0.4742,6.5,1.286,1.86,74.3,94.72,82.0,1.96,0.821,0.0,4.12,0.4063,3.19,1.416,1.9,94.93,97.4,2.84,0.8442,8.13,7.89,0.5944,1.277,1.83,97.88,92.2,1.85,0.8385,7.31,7.05,0.6478,1.285,1.54,93.02,95.1
60,4.14,0.6008,0.0,0.0,0.4448,0.0,4.139,4.37,100.0,100.0,4.96,0.66,0.0,4.99,0.4556,2.7,3.566,3.69,93.18,88.4,4.4,0.643,0.0,5.35,0.4897,1.49,3.738,3.3,4.28,98.44,95.1,4.36,0.646,0.0,2.62,0.4548,0.53,3.601,3.17,99.05,99.6,,,,,,,,,,,,,,,,,,,2.97,0.6565,0.0,1.51,0.4269,0.08,2.971,37.32,99.76,23.6,3.76,0.714,0.0,4.73,0.4448,1.97,2.395,2.95,98.69,97.5,3.35,0.688,0.0,4.96,0.4821,2.68,2.766,2.62,29.26,96.92,89.5,3.37,0.6889,0.0,5.28,0.4445,1.39,2.743,2.63,97.55,98.6,3.8,0.7075,8.91,8.65,0.9643,2.443,2.63,97.51,88.2,3.37,0.6876,5.03,6.86,0.9664,2.732,2.35,97.02,97.5,3.29,0.6527,0.0,6.98,0.47,2.55,3.292,39.38,97.37,-1181.1,4.28,0.6884,0.0,5.49,0.4465,4.93,2.893,3.17,95.74,92.7,3.67,0.6835,0.0,6.94,0.5329,6.38,3.097,2.96,29.48,94.06,77.9,3.85,0.6697,0.0,6.19,0.4928,5.58,3.363,3.05,92.63,95.5,4.32,0.6859,8.81,8.65,0.7153,2.949,2.87,93.03,69.7,3.95,0.6703,8.78,8.51,0.9535,3.472,2.83,89.47,90.4
80,3.46,0.6315,0.0,0.0,0.4257,0.0,3.457,11.84,100.0,100.0,4.14,0.6952,0.0,5.0,0.453,1.84,2.7,3.48,92.64,90.7,3.77,0.6714,0.0,4.6,0.4776,2.07,3.105,2.91,10.88,98.14,93.5,3.79,0.6752,0.0,2.83,0.4406,0.62,2.974,2.83,98.43,99.4,,,,,,,,,,,,,,,,,,,3.36,0.6412,0.0,3.38,0.4402,0.07,3.356,16.99,99.95,47.7,4.44,0.6775,0.0,4.7,0.4405,2.06,3.207,3.0,97.44,95.1,3.61,0.6797,0.0,5.15,0.4832,1.53,3.058,2.88,15.26,98.04,92.4,3.52,0.6799,0.0,2.75,0.4561,0.34,3.107,2.88,99.14,99.6,4.56,0.6712,8.93,8.57,0.9627,3.342,2.72,96.3,88.3,3.59,0.6771,5.06,6.41,1.0062,3.173,2.65,99.01,99.3,4.33,0.6218,0.0,3.43,0.4507,0.09,4.333,3.24,99.93,59.8,4.92,0.6398,0.0,4.2,0.4085,0.92,3.922,3.45,91.29,86.8,4.57,0.6601,0.0,5.58,0.4936,1.58,4.006,3.2,2.97,98.47,94.5,4.32,0.6625,0.0,3.6,0.4543,0.34,3.842,3.19,97.91,98.8,5.01,0.6356,5.49,6.3,0.735,4.03,3.13,90.21,83.8,4.39,0.665,4.77,6.22,0.817,3.908,2.95,97.54,98.4
100,3.35,0.6499,0.0,1.16,0.4304,0.04,3.354,18.97,99.98,94.6,4.11,0.7197,0.0,4.04,0.4501,2.07,2.568,3.16,94.88,95.4,3.7,0.6899,0.0,4.78,0.4828,2.08,3.0,2.7,14.84,97.98,93.1,3.73,0.6956,0.0,3.86,0.4429,1.86,2.848,2.66,98.15,98.8,4.11,0.7188,8.83,8.69,1.1249,2.567,2.84,93.87,86.5,3.69,0.7008,5.12,6.95,1.0551,2.794,2.37,96.88,96.3,4.31,0.5946,0.0,2.22,0.4326,0.02,4.314,0.87,99.98,87.0,4.35,0.6713,0.0,5.26,0.4025,0.49,3.242,2.91,98.8,96.9,4.51,0.6366,0.0,4.89,0.4696,0.92,3.895,3.2,1.67,99.13,97.2,4.16,0.6457,0.0,4.21,0.4405,0.49,3.625,3.01,99.41,99.6,4.34,0.6727,5.6,6.38,0.845,3.241,2.58,98.56,95.4,4.18,0.6441,4.94,6.78,0.9506,3.635,2.72,99.47,99.4,3.91,0.6148,0.0,1.52,0.4106,0.07,3.911,8.44,99.83,16.7,4.96,0.6312,0.0,5.03,0.3846,0.44,3.784,3.02,97.35,94.5,4.18,0.6536,0.0,4.66,0.4612,2.18,3.586,2.87,8.36,97.92,93.2,4.13,0.6482,0.0,5.16,0.4315,0.54,3.67,2.79,97.36,98.8,5.01,0.6281,2.43,5.39,0.6352,3.841,2.68,97.0,93.8,4.15,0.6477,2.04,5.89,0.7348,3.695,2.51,97.29,98.4
120,4.82,0.5816,0.0,0.11,0.4303,0.01,4.824,0.28,99.98,99.3,5.18,0.6355,0.0,2.51,0.4306,0.03,3.98,4.0,99.75,99.8,5.03,0.6236,0.0,4.28,0.4719,1.43,4.377,3.87,0.78,98.79,95.3,4.79,0.6272,0.0,4.02,0.4418,0.7,4.207,3.69,99.1,99.6,,,,,,,,,,,,,,,,,,,4.25,0.6137,0.0,5.86,0.516,1.84,4.25,7.92,98.1,-1178.0,5.16,0.6291,0.0,4.67,0.5078,2.83,3.968,3.45,95.33,92.3,4.53,0.6527,0.0,6.47,0.5581,3.1,3.881,3.26,8.1,96.8,88.0,4.55,0.6449,0.0,5.86,0.531,2.76,3.961,3.1,96.36,97.6,5.26,0.6273,7.0,6.74,1.2044,4.085,3.16,95.13,87.7,4.68,0.6429,4.27,6.26,1.283,4.096,2.86,96.95,97.7,3.03,0.6533,0.0,0.0,0.3856,0.01,3.032,38.79,100.0,100.0,4.13,0.6754,0.0,5.74,0.3748,4.22,2.704,2.38,92.27,84.8,3.34,0.69,0.0,5.45,0.4346,1.71,2.761,2.42,30.46,98.13,93.7,3.21,0.6933,0.0,4.01,0.3973,0.82,2.715,2.34,98.81,99.4,4.11,0.6752,8.01,7.76,0.5374,2.672,1.95,90.04,74.4,3.15,0.6979,5.13,6.85,0.5715,2.636,1.98,98.57,98.5
140,3.37,0.6353,0.0,1.54,0.4216,0.09,3.375,19.24,99.95,70.2,4.16,0.7066,0.0,4.5,0.4295,1.84,2.717,3.29,97.36,95.1,3.67,0.674,0.0,4.8,0.4694,1.73,3.078,2.76,14.93,98.04,93.7,3.62,0.6855,0.0,4.36,0.4349,0.83,2.886,2.72,98.92,99.3,,,,,,,,,,,,,,,,,,,3.29,0.6476,0.0,6.55,0.5156,2.4,3.286,44.83,97.1,-1625.5,4.85,0.6364,0.34,6.53,0.4999,2.52,3.577,2.72,96.31,91.8,3.56,0.6876,0.0,5.53,0.5487,3.37,2.962,2.48,36.87,95.89,85.8,3.51,0.6781,0.0,6.12,0.5321,2.78,3.094,2.41,96.96,98.1,5.03,0.6303,5.46,6.0,1.2331,3.794,2.41,97.65,94.0,3.67,0.6752,4.78,6.25,1.3117,3.268,2.15,98.32,98.6,2.66,0.6807,0.0,1.15,0.4016,0.0,2.663,59.28,99.98,93.7,3.27,0.772,0.0,5.94,0.3673,1.3,1.81,1.79,94.0,86.8,2.97,0.7148,0.0,5.66,0.4433,1.8,2.424,2.11,45.98,97.81,91.6,2.83,0.7172,0.0,2.94,0.4081,0.52,2.406,2.09,98.45,99.6,3.2,0.7797,6.47,6.22,0.4951,1.736,1.29,93.36,83.5,2.78,0.7245,4.59,4.89,0.6087,2.337,1.72,98.54,99.2
150,3.01,0.6645,0.0,0.0,0.4194,0.01,3.008,30.01,100.0,100.0,3.84,0.7319,0.0,4.47,0.4184,2.3,2.193,2.65,96.75,94.7,3.36,0.6987,0.0,4.77,0.4727,2.21,2.766,2.32,22.66,97.43,90.5,3.36,0.7087,0.0,3.93,0.4291,0.56,2.596,2.27,98.46,99.3,3.79,0.7351,8.77,8.55,0.8054,2.141,2.23,95.44,83.5,3.32,0.7141,4.01,4.78,0.8702,2.543,1.94,98.56,99.2,3.39,0.6518,0.21,5.83,0.5387,2.65,3.387,30.34,97.2,-1585.6,4.78,0.6518,0.16,6.74,0.5241,4.1,3.54,2.58,93.42,84.1,3.65,0.689,0.16,6.17,0.5719,3.68,3.081,2.41,26.38,96.03,86.3,3.52,0.691,0.19,6.85,0.5582,3.21,3.118,2.31,95.36,97.3,4.98,0.6467,7.94,7.69,1.365,3.777,2.28,93.88,82.2,3.71,0.6895,4.98,5.73,1.475,3.314,2.05,96.34,97.2,2.34,0.7062,0.0,3.15,0.3912,0.02,2.344,70.88,99.98,77.1,3.14,0.7927,0.0,4.66,0.3686,1.53,1.628,1.75,93.93,88.7,2.68,0.7392,0.0,4.37,0.4359,1.51,2.142,2.0,52.48,98.06,94.0,2.57,0.7507,0.0,4.59,0.4071,0.77,2.087,1.86,98.99,99.5,3.06,0.8004,6.38,6.13,0.4859,1.55,1.25,92.94,84.8,2.47,0.763,4.86,6.98,0.5693,1.976,1.46,98.78,98.9
160,3.26,0.6488,0.0,0.34,0.422,0.07,3.264,23.71,99.97,96.7,3.69,0.7549,0.0,4.7,0.3939,1.42,2.091,2.69,97.77,96.5,3.58,0.6866,0.0,5.52,0.4758,2.53,2.976,2.45,18.31,97.16,90.1,3.47,0.7055,0.0,3.96,0.4297,0.6,2.7,2.36,99.18,99.6,,,,,,,,,,,,,,,,,,,3.6,0.6348,0.0,6.45,0.5244,2.46,3.604,26.54,97.34,-1591.2,5.53,0.6131,0.08,6.39,0.5016,3.06,4.317,3.56,94.06,88.1,3.9,0.6712,0.0,6.63,0.5588,3.83,3.31,3.02,22.73,95.88,85.0,3.87,0.6621,0.0,6.84,0.5357,3.05,3.454,2.91,96.24,97.7,5.65,0.6081,6.86,6.6,1.2714,4.456,3.26,95.04,89.0,3.98,0.6614,4.9,5.97,1.4053,3.565,2.65,97.79,98.3,2.94,0.6575,0.0,1.07,0.4079,0.07,2.945,42.4,99.96,91.6,3.87,0.6922,0.0,4.55,0.3731,0.8,2.706,2.52,96.92,94.3,3.25,0.6925,0.0,4.5,0.4523,1.92,2.699,2.32,32.41,98.31,94.0,3.21,0.6903,0.0,2.52,0.4172,0.66,2.779,2.32,99.58,99.9,3.84,0.6894,6.02,6.29,0.561,2.687,2.06,96.41,90.3,3.21,0.6893,4.73,5.59,0.6691,2.771,1.96,99.35,99.4
180,3.04,0.6595,0.0,1.46,0.418,0.08,3.036,34.4,99.92,73.5,4.57,0.6729,0.0,4.21,0.4229,0.8,3.289,3.26,92.67,92.4,3.36,0.6958,0.0,5.14,0.4673,2.19,2.749,2.38,27.61,97.48,91.2,3.39,0.7007,0.0,3.84,0.4334,0.41,2.721,2.42,98.01,99.1,,,,,,,,,,,,,,,,,,,2.82,0.6845,0.29,6.45,0.5856,2.0,2.816,53.85,97.08,-1641.4,3.88,0.7299,0.02,6.26,0.538,2.45,2.577,2.16,96.55,93.1,3.1,0.7159,0.17,5.9,0.6083,2.48,2.59,2.18,43.17,96.23,86.3,2.96,0.7192,0.0,6.22,0.5866,2.33,2.59,2.11,96.63,98.1,4.04,0.7291,4.74,5.94,1.5836,2.768,1.81,98.17,95.6,3.1,0.7208,2.95,6.02,1.8068,2.743,1.84,98.2,98.8,3.27,0.6436,0.0,0.4,0.3997,0.01,3.272,21.7,99.99,98.2,3.76,0.7072,0.0,6.18,0.3713,3.87,2.325,1.93,89.26,71.5,3.53,0.6815,0.0,3.6,0.4389,1.06,2.978,2.43,18.29,98.8,96.5,3.29,0.6906,0.0,3.8,0.413,0.52,2.812,2.19,99.26,99.6,3.73,0.7061,7.53,7.27,0.5025,2.29,1.45,87.88,64.2,3.26,0.6929,4.36,4.5,0.6358,2.777,1.81,99.04,99.3
200,2.67,0.6837,0.0,1.94,0.4128,0.02,2.67,50.77,99.99,91.1,3.71,0.7325,0.0,6.31,0.3913,1.72,2.161,2.63,91.54,83.1,3.0,0.7188,0.0,5.63,0.4589,2.3,2.415,2.19,39.38,97.57,90.3,3.01,0.7235,0.0,3.89,0.4244,0.53,2.382,2.19,97.8,99.0,3.66,0.7379,8.56,8.15,0.7612,2.098,2.21,90.65,77.4,2.97,0.7285,4.98,5.97,0.8543,2.337,1.86,97.88,98.9,2.76,0.688,0.0,6.07,0.5516,2.25,2.756,64.88,97.24,-1576.6,3.9,0.7147,0.3,6.48,0.5261,2.8,2.717,2.2,96.0,91.6,3.04,0.7226,0.0,6.43,0.5799,2.57,2.523,2.13,52.61,96.42,87.2,2.94,0.722,0.0,6.16,0.5597,2.36,2.599,2.05,96.54,97.7,4.03,0.7146,4.67,6.19,1.4997,2.87,1.84,97.72,95.2,3.06,0.7246,2.5,4.64,1.6386,2.722,1.76,98.62,99.0,3.35,0.6526,0.0,3.73,0.4102,0.04,3.346,14.42,99.97,73.5,3.6,0.7052,0.0,6.37,0.3715,0.14,2.321,1.95,96.24,87.8,3.58,0.6909,0.0,4.37,0.4482,0.85,3.014,2.3,13.63,98.99,96.6,3.26,0.701,0.0,6.18,0.4226,0.47,2.769,2.06,99.65,99.8,3.57,0.7056,3.06,6.37,0.5274,2.288,1.45,96.0,87.1,3.26,0.7002,3.55,6.71,0.6749,2.771,1.69,99.54,99.3
220,3.14,0.6765,0.0,1.2,0.4246,0.11,3.137,16.42,99.98,90.2,3.86,0.7093,0.0,4.45,0.3932,1.38,2.431,2.67,85.4,70.4,3.43,0.7081,0.0,5.99,0.4748,2.69,2.871,2.25,14.27,96.94,88.1,3.21,0.7076,0.0,4.86,0.4308,0.86,2.718,2.24,96.17,97.3,,,,,,,,,,,,,,,,,,,2.59,0.6974,0.0,6.28,0.5383,2.19,2.591,67.19,97.15,-1454.6,3.7,0.7346,0.0,6.94,0.5249,2.61,2.403,1.96,95.41,91.0,2.88,0.7328,0.04,5.69,0.5641,2.77,2.361,2.08,53.77,96.53,87.5,2.75,0.7334,0.0,6.82,0.5434,2.36,2.436,1.96,97.19,98.4,3.8,0.7364,4.87,6.06,1.4758,2.524,1.58,97.29,94.7,2.84,0.7375,4.91,6.82,1.5206,2.523,1.65,99.24,99.3,2.76,0.6808,0.0,0.3,0.4072,0.0,2.76,48.18,99.99,98.6,3.06,0.7955,0.0,6.2,0.3704,1.71,1.574,1.58,92.04,78.6,3.04,0.7166,0.0,5.08,0.4484,1.19,2.484,2.0,38.45,98.49,93.2,2.64,0.7467,0.0,5.31,0.4156,0.27,2.181,1.71,98.13,99.1,3.0,0.8002,5.3,6.05,0.5062,1.511,1.07,91.39,75.7,2.59,0.7539,4.58,5.42,0.6222,2.115,1.29,98.17,98.9
240,2.83,0.6836,0.0,0.0,0.4298,0.04,2.827,34.02,100.0,100.0,3.49,0.7561,0.0,5.41,0.3924,4.43,1.943,2.42,96.27,93.1,3.1,0.7201,0.0,5.59,0.4722,1.72,2.51,2.09,28.08,97.97,93.0,2.88,0.7375,0.0,3.86,0.4335,0.41,2.253,2.02,98.71,99.3,,,,,,,,,,,,,,,,,,,2.59,0.6976,0.0,5.89,0.5181,2.25,2.588,63.4,97.35,-1419.9,3.61,0.7286,0.13,6.25,0.511,2.55,2.416,2.03,96.03,92.5,2.87,0.7328,0.0,5.32,0.545,2.57,2.352,2.07,51.43,96.87,90.1,2.75,0.7314,0.0,6.95,0.5296,2.42,2.43,1.89,97.16,98.3,3.71,0.7275,1.92,5.19,1.3796,2.53,1.63,97.56,95.3,2.82,0.7345,3.99,6.19,1.4452,2.501,1.57,98.92,99.1,2.76,0.68,0.0,2.67,0.3872,0.08,2.759,37.09,98.99,-145.4,3.02,0.7678,0.0,3.71,0.3686,0.1,1.77,1.84,98.88,98.0,3.05,0.7141,0.0,6.1,0.4268,1.32,2.493,2.41,33.5,97.56,89.4,2.78,0.7259,0.0,5.37,0.4056,0.51,2.337,2.08,98.88,99.5,2.95,0.7734,2.29,4.86,0.5032,1.696,1.34,98.63,97.5,2.73,0.7284,4.99,6.01,0.6053,2.284,1.69,98.89,99.0
250,2.46,0.7035,0.0,1.62,0.4108,0.0,2.464,51.61,99.95,70.8,3.22,0.7914,0.0,6.38,0.3893,0.52,1.644,2.26,95.46,83.3,2.77,0.7414,0.0,5.46,0.4591,2.05,2.165,2.05,42.15,98.07,93.2,2.72,0.7517,0.0,3.79,0.4247,1.22,2.054,1.98,98.47,99.3,3.18,0.794,5.43,6.33,0.7641,1.604,1.82,95.23,82.3,2.66,0.7577,4.84,5.39,0.8076,1.98,1.61,97.97,98.4,2.13,0.7463,0.17,5.95,0.5284,2.66,2.133,77.67,96.98,-1666.0,3.42,0.7684,0.23,6.98,0.5104,2.76,2.111,1.88,94.62,89.2,2.49,0.7747,0.06,6.56,0.5533,2.93,1.967,1.83,60.49,96.23,86.6,2.44,0.7664,0.0,6.12,0.5388,2.72,2.105,1.76,96.41,98.0,3.47,0.7723,4.08,6.28,1.3656,2.18,1.47,96.59,92.7,2.47,0.7753,2.83,5.01,1.4398,2.131,1.43,98.44,99.1,2.0,0.734,0.0,2.79,0.3875,0.0,2.004,84.66,99.98,76.8,4.27,0.6816,0.0,6.35,0.4054,2.9,2.921,2.13,89.46,71.5,2.38,0.7642,0.0,5.09,0.4334,1.49,1.827,1.77,64.56,98.0,90.9,2.38,0.7587,0.0,3.85,0.4072,0.75,1.95,1.65,98.4,99.3,4.36,0.6752,4.98,6.39,0.6949,3.031,1.69,88.47,67.0,2.3,0.7714,5.14,6.11,0.5856,1.85,1.22,98.16,98.7
260,2.3,0.7185,0.0,1.34,0.4211,0.01,2.3,63.29,99.99,93.9,3.11,0.7972,0.0,6.35,0.39,0.83,1.494,2.09,95.94,86.5,2.63,0.7522,0.0,5.2,0.4644,2.18,2.05,1.84,47.92,97.67,91.9,2.54,0.7721,0.0,3.19,0.4275,0.81,1.828,1.76,98.28,99.2,,,,,,,,,,,,,,,,,,,1.98,0.7601,0.0,5.83,0.5184,2.45,1.981,81.79,97.14,-1553.1,3.25,0.7946,0.0,6.89,0.5024,2.4,1.967,1.76,96.47,93.2,2.34,0.7886,0.0,6.19,0.5399,2.71,1.827,1.71,64.43,96.23,87.9,2.27,0.7844,0.0,6.28,0.5285,2.67,1.949,1.65,96.14,98.0,3.31,0.7987,2.12,3.95,1.3225,2.038,1.35,98.64,97.6,2.29,0.7953,3.59,3.97,1.3974,1.961,1.31,98.0,98.9,2.09,0.7261,0.0,3.21,0.4012,0.05,2.095,78.27,99.96,73.1,2.95,0.7965,0.0,6.1,0.372,1.11,1.501,1.56,93.8,83.7,2.46,0.758,0.0,4.97,0.4505,1.05,1.911,1.69,59.38,98.06,93.2,2.22,0.7796,0.0,5.85,0.4162,0.53,1.763,1.5,98.7,99.3,2.91,0.7984,3.59,6.18,0.5055,1.461,1.03,93.22,81.4,2.14,0.7907,4.48,6.89,0.5938,1.675,1.06,98.88,99.0
280,2.44,0.7235,0.0,1.89,0.4341,0.08,2.443,37.21,99.95,71.8,3.22,0.7769,0.0,5.19,0.3861,0.1,1.688,2.26,97.51,94.3,2.76,0.7545,0.0,5.54,0.4757,1.94,2.188,1.9,32.46,97.47,90.5,2.59,0.7776,0.0,2.94,0.4376,0.56,1.907,1.83,98.99,99.5,,,,,,,,,,,,,,,,,,,1.92,0.7632,0.0,6.35,0.5243,2.65,1.923,84.36,96.59,-1685.7,3.65,0.7377,0.0,6.69,0.5094,2.55,2.369,1.84,95.5,91.7,2.29,0.7869,0.0,6.11,0.5493,3.08,1.789,1.7,67.19,95.39,85.5,2.3,0.773,0.0,5.97,0.5334,2.83,1.978,1.66,96.24,97.9,3.73,0.7379,1.55,5.67,1.3786,2.476,1.42,97.65,95.7,2.34,0.7807,3.61,4.47,1.428,2.013,1.31,97.97,99.0,2.02,0.7435,0.0,1.57,0.4025,0.05,2.016,78.34,99.98,91.9,2.76,0.8505,0.0,4.65,0.3666,0.64,1.209,1.4,94.73,89.8,2.4,0.7715,0.0,5.47,0.4392,1.03,1.858,1.66,58.86,97.77,92.9,2.19,0.7864,0.0,3.66,0.4142,0.35,1.74,1.51,98.82,99.4,2.67,0.8657,3.49,5.79,0.4834,1.101,0.83,94.34,88.1,2.09,0.8001,5.14,6.01,0.6033,1.637,1.07,98.94,99.2
300,2.32,0.7275,0.0,2.54,0.4273,0.04,2.321,47.64,99.97,78.1,2.97,0.8235,0.0,6.15,0.3914,0.19,1.38,1.96,96.36,88.0,2.66,0.7593,0.0,5.47,0.4662,1.61,2.07,1.75,38.85,97.73,91.7,2.5,0.7922,0.0,3.95,0.4327,0.46,1.758,1.67,98.08,99.3,2.92,0.832,5.78,6.32,0.7418,1.322,1.49,96.1,87.4,2.43,0.8057,5.02,5.64,0.8189,1.674,1.27,97.94,99.0,1.99,0.7614,0.25,6.82,0.5332,2.4,1.986,83.83,97.19,-1536.4,3.44,0.7654,0.13,6.7,0.5124,2.41,2.169,1.87,96.15,92.5,2.34,0.7867,0.05,6.8,0.5532,2.55,1.847,1.71,66.24,96.61,88.5,2.31,0.7777,0.15,6.95,0.5395,2.54,2.006,1.66,96.84,98.1,3.51,0.7658,1.16,5.81,1.4026,2.256,1.47,98.54,97.5,2.34,0.7869,2.79,3.21,1.4384,2.028,1.32,99.08,99.5,1.74,0.7673,0.0,3.44,0.3971,0.05,1.744,87.52,99.98,74.5,2.85,0.8279,0.0,4.38,0.3669,0.95,1.307,1.47,93.86,88.0,2.17,0.7915,0.0,5.11,0.4387,1.54,1.621,1.57,66.34,98.44,94.4,2.05,0.8014,0.0,6.17,0.4119,0.58,1.58,1.44,99.04,99.6,2.75,0.8408,4.31,5.74,0.4845,1.197,0.91,93.44,85.6,1.93,0.8186,4.8,5.59,0.5818,1.452,0.98,98.93,99.0
320,2.07,0.7456,0.0,2.52,0.418,0.07,2.072,63.67,99.95,72.6,2.89,0.8221,0.0,6.22,0.3828,0.02,1.331,1.98,97.64,92.6,2.43,0.7772,0.0,5.55,0.4608,1.91,1.836,1.7,50.28,97.33,90.4,2.35,0.8014,0.0,3.13,0.4281,0.63,1.628,1.63,98.79,99.5,,,,,,,,,,,,,,,,,,,1.79,0.7804,0.0,5.86,0.5131,2.45,1.794,85.22,97.19,-1521.7,2.98,0.8117,0.02,6.33,0.4864,2.9,1.69,1.61,94.77,90.4,2.18,0.8019,0.0,5.41,0.5375,2.7,1.693,1.6,67.88,96.56,88.2,2.15,0.7936,0.0,4.96,0.5183,2.51,1.827,1.54,96.41,98.1,3.0,0.8167,3.58,5.76,1.2169,1.714,1.16,96.24,91.9,2.15,0.8054,2.17,4.19,1.3089,1.824,1.17,98.05,99.1,2.6,0.7068,0.0,1.7,0.4212,0.01,2.603,43.14,99.98,89.5,2.83,0.8081,0.0,5.36,0.3717,0.1,1.443,1.43,96.7,91.8,2.86,0.7409,0.0,4.57,0.4527,0.68,2.313,1.82,40.77,98.63,95.4,2.4,0.7719,0.0,4.45,0.4211,0.19,1.918,1.52,99.05,99.5,2.77,0.8163,3.47,5.45,0.5117,1.376,0.89,96.48,91.1,2.32,0.7835,5.01,6.9,0.6384,1.84,1.09,99.11,99.5
340,1.93,0.7626,0.0,2.47,0.4243,0.01,1.929,79.28,99.98,78.9,2.81,0.841,0.0,6.27,0.3896,0.07,1.174,1.79,96.45,89.5,2.31,0.7903,0.0,4.77,0.4769,2.09,1.728,1.57,60.47,97.1,90.3,2.19,0.8189,0.0,4.67,0.4311,0.92,1.501,1.52,97.81,98.6,,,,,,,,,,,,,,,,,,,1.89,0.7687,0.0,5.19,0.5232,2.6,1.894,83.34,97.05,-1508.4,3.22,0.7912,0.0,6.23,0.5024,2.63,1.899,1.67,96.59,93.2,2.26,0.7945,0.0,5.29,0.5462,2.8,1.755,1.67,65.02,96.67,89.2,2.21,0.7882,0.0,5.71,0.5257,2.78,1.878,1.58,96.6,98.3,3.24,0.798,0.62,5.81,1.3257,1.93,1.22,98.54,97.2,2.19,0.7999,2.62,4.73,1.3802,1.859,1.21,98.46,99.1,1.88,0.7488,0.0,0.24,0.3969,0.04,1.875,88.29,99.99,98.9,3.16,0.7691,0.0,6.07,0.3646,0.4,1.783,1.73,94.68,85.7,2.25,0.7818,0.0,4.22,0.4327,0.9,1.686,1.63,66.21,98.45,95.5,2.11,0.7953,0.0,6.2,0.4141,0.45,1.64,1.48,98.83,99.4,3.07,0.7816,3.49,6.3,0.4719,1.68,1.18,94.3,84.7,2.0,0.811,5.14,5.41,0.5998,1.516,1.02,98.92,99.2
350,2.27,0.7274,0.0,0.68,0.4297,0.02,2.274,60.71,99.99,96.9,3.41,0.7681,0.0,6.23,0.407,0.24,1.953,2.03,95.7,84.9,2.58,0.7615,0.0,4.8,0.4659,1.76,1.996,1.74,46.63,97.75,92.6,2.46,0.7823,0.0,5.0,0.4375,0.49,1.795,1.66,98.24,98.8,3.38,0.7729,3.16,5.98,0.8373,1.926,1.59,95.42,84.1,2.4,0.7941,4.85,6.3,0.8548,1.725,1.27,98.19,98.5,1.73,0.7922,0.0,6.66,0.5014,2.39,1.73,85.36,97.17,-1447.5,2.93,0.8322,0.0,5.68,0.4836,2.75,1.61,1.59,96.22,93.4,2.11,0.8114,0.4,6.38,0.5237,2.63,1.628,1.58,68.63,96.18,87.7,2.1,0.7997,0.0,5.6,0.5084,2.57,1.782,1.53,96.53,98.2,2.95,0.8391,2.82,6.11,1.2197,1.64,1.14,97.65,94.9,2.09,0.813,3.57,5.33,1.2637,1.759,1.16,97.71,98.5,1.83,0.758,0.0,2.04,0.404,0.05,1.831,87.24,99.98,88.7,2.76,0.8622,0.0,3.76,0.3644,0.32,1.159,1.4,96.51,94.4,2.21,0.791,0.0,4.67,0.4417,1.06,1.632,1.54,65.11,97.35,93.4,1.98,0.8141,0.0,6.26,0.4188,0.53,1.506,1.39,98.79,99.4,2.66,0.8772,3.65,5.42,0.4616,1.043,0.83,96.21,93.0,1.87,0.8328,3.96,5.98,0.6075,1.377,0.93,98.8,99.2
360,2.18,0.7337,0.0,1.42,0.4294,0.01,2.177,61.0,99.99,93.6,3.1,0.7713,0.0,2.92,0.3939,0.08,1.723,2.16,99.56,99.3,2.51,0.7732,0.0,4.72,0.467,1.7,1.876,1.71,44.81,97.93,93.7,2.43,0.7969,0.0,3.98,0.4348,0.5,1.669,1.65,98.29,99.0,,,,,,,,,,,,,,,,,,,1.85,0.7765,0.0,6.23,0.5163,2.39,1.854,84.01,96.67,-1579.7,2.95,0.818,0.28,6.78,0.4907,2.81,1.695,1.59,95.51,91.8,2.21,0.799,0.4,5.69,0.5413,2.59,1.729,1.64,67.69,95.87,86.9,2.16,0.7896,0.02,6.78,0.5208,2.81,1.856,1.56,96.6,98.1,2.97,0.8257,3.31,5.93,1.2342,1.719,1.13,97.39,94.7,2.16,0.8016,3.62,5.2,1.3084,1.845,1.18,98.26,98.9,1.75,0.76,0.0,0.3,0.3977,0.03,1.746,90.94,99.99,98.6,2.58,0.8774,0.0,3.53,0.365,0.19,1.035,1.31,96.98,95.5,2.15,0.7937,0.0,4.41,0.4344,0.96,1.579,1.54,66.68,97.59,94.1,1.97,0.8147,0.0,6.02,0.4146,0.36,1.505,1.38,97.92,99.2,2.48,0.8935,1.13,5.19,0.4767,0.918,0.72,96.72,94.7,1.85,0.8331,4.51,4.89,0.609,1.371,0.91,97.89,99.2
380,1.91,0.7583,0.0,1.72,0.4302,0.01,1.913,84.14,99.99,92.2,2.73,0.8427,0.0,6.29,0.3869,0.0,1.173,1.81,97.06,89.1,2.26,0.7911,0.0,4.85,0.4654,1.49,1.664,1.55,62.76,97.51,91.6,2.16,0.8185,0.0,4.36,0.4391,0.42,1.486,1.5,98.41,99.0,,,,,,,,,,,,,,,,,,,1.62,0.8083,0.0,5.9,0.4974,2.58,1.622,85.96,96.97,-1569.1,2.9,0.8396,0.0,5.46,0.4836,2.81,1.569,1.51,95.04,90.7,2.03,0.8245,0.0,5.84,0.5216,2.73,1.54,1.5,69.37,96.11,87.9,2.01,0.8113,0.84,5.9,0.5063,2.73,1.695,1.45,96.53,98.1,2.9,0.8502,2.78,6.28,1.1768,1.571,1.03,96.56,93.1,1.98,0.8269,4.01,4.87,1.2352,1.654,1.05,98.24,98.9,1.83,0.7648,0.0,1.63,0.4114,0.0,1.833,80.48,99.98,92.0,2.62,0.8617,0.0,5.09,0.3698,0.29,1.125,1.39,96.06,91.4,2.22,0.7928,0.0,4.07,0.4459,0.74,1.655,1.55,61.99,98.12,94.6,2.01,0.8094,0.0,6.04,0.4245,0.41,1.54,1.39,98.63,99.5,2.54,0.8742,1.24,5.43,0.491,1.034,0.83,95.89,90.6,1.91,0.826,3.41,5.57,0.6311,1.43,0.93,98.67,99.4
400,1.77,0.7801,0.0,1.58,0.4246,0.03,1.775,84.28,99.72,80.0,2.49,0.9033,0.0,6.36,0.388,0.14,0.844,1.62,96.38,88.4,2.15,0.8073,0.0,5.02,0.4635,1.81,1.571,1.45,62.52,96.35,88.8,2.07,0.8313,0.0,4.2,0.4336,0.46,1.386,1.4,96.79,98.6,2.38,0.9199,1.74,6.06,0.716,0.724,1.09,96.23,87.9,1.96,0.8496,4.93,4.93,0.8199,1.266,0.97,96.66,98.2,1.79,0.7839,0.0,5.38,0.5035,2.65,1.789,85.09,97.17,-1519.5,3.43,0.7645,0.0,6.32,0.4919,2.61,2.117,1.86,94.58,89.5,2.17,0.8048,0.0,5.47,0.525,2.72,1.678,1.61,67.14,96.69,89.1,2.15,0.7926,0.03,6.08,0.5096,2.93,1.825,1.56,96.53,98.2,3.45,0.7691,1.73,6.19,1.2479,2.147,1.41,96.23,92.8,2.11,0.8069,3.25,5.14,1.2669,1.788,1.17,98.42,99.0,1.67,0.7771,0.0,0.92,0.4024,0.0,1.666,90.03,98.97,-121.9,2.58,0.8771,0.0,3.55,0.3649,0.03,1.042,1.34,97.83,96.3,2.07,0.8078,0.0,4.26,0.4378,0.78,1.498,1.52,66.93,97.61,93.2,1.87,0.8268,0.0,4.06,0.4159,0.37,1.411,1.35,98.47,99.3,2.45,0.8983,0.61,4.19,0.465,0.899,0.75,97.63,95.8,1.74,0.8488,3.35,5.03,0.611,1.259,0.88,98.45,99.0
420,1.95,0.7602,0.0,0.54,0.4353,0.02,1.95,80.21,99.56,57.4,2.46,0.8934,0.0,5.61,0.389,0.01,0.877,1.66,97.91,94.6,2.28,0.7952,0.0,5.23,0.4676,1.33,1.682,1.52,59.72,96.92,92.5,2.12,0.8248,0.0,3.22,0.4431,0.34,1.493,1.45,97.66,99.0,,,,,,,,,,,,,,,,,,,1.64,0.8034,0.0,6.63,0.4968,2.49,1.637,86.43,97.19,-1449.0,2.95,0.8194,0.0,5.79,0.4837,2.44,1.68,1.56,96.34,93.4,2.04,0.8216,0.0,5.79,0.5203,2.59,1.548,1.53,69.58,96.72,89.1,2.0,0.8114,0.0,5.14,0.5055,2.81,1.675,1.46,96.79,98.4,2.95,0.8282,0.94,5.12,1.2073,1.685,1.09,98.21,97.0,1.96,0.8269,2.52,5.21,1.2564,1.627,1.06,98.09,98.8,1.57,0.7937,0.0,2.43,0.4076,0.0,1.569,88.55,99.87,84.2,2.5,0.8886,0.0,3.85,0.3672,0.14,0.966,1.29,96.61,93.9,2.01,0.8177,0.0,4.22,0.4443,0.86,1.443,1.46,66.54,98.04,93.6,1.81,0.8328,0.0,5.39,0.4228,0.41,1.36,1.3,98.47,99.5,2.38,0.9099,1.11,4.73,0.4773,0.828,0.7,96.26,93.1,1.68,0.8551,4.65,4.65,0.6319,1.214,0.83,98.5,99.3
440,2.06,0.7513,0.0,0.0,0.4378,0.04,2.064,72.05,100.0,100.0,2.51,0.8763,0.0,4.84,0.3905,0.01,0.984,1.74,98.81,97.5,2.37,0.7866,0.0,4.49,0.469,0.9,1.778,1.58,54.44,98.36,94.7,2.17,0.8185,0.0,3.41,0.4447,0.33,1.542,1.51,98.99,99.5,,,,,,,,,,,,,,,,,,,1.7,0.7938,0.0,6.24,0.4988,2.37,1.699,85.97,97.06,-1429.2,3.01,0.8128,0.14,6.76,0.4849,2.48,1.728,1.65,96.08,92.7,2.08,0.8139,0.0,6.12,0.5236,2.49,1.598,1.58,68.69,96.55,89.4,2.05,0.8031,0.0,6.08,0.5086,2.81,1.735,1.51,96.7,98.3,3.01,0.8219,0.79,5.73,1.193,1.731,1.18,98.2,96.8,2.01,0.8191,3.1,5.49,1.2548,1.693,1.12,98.54,99.1,1.68,0.7787,0.0,0.0,0.4043,0.0,1.676,89.38,100.0,100.0,2.72,0.8505,0.0,3.65,0.3692,0.26,1.171,1.34,97.59,96.1,2.09,0.807,0.0,4.41,0.44,0.85,1.529,1.5,66.79,97.09,92.9,1.84,0.8288,0.0,3.66,0.4126,0.33,1.397,1.31,98.83,99.6,2.62,0.8659,2.37,5.49,0.4938,1.061,0.76,97.34,95.1,1.72,0.8477,4.8,4.8,0.6305,1.263,0.85,98.83,99.3
450,2.15,0.7397,0.0,0.0,0.4266,0.01,2.151,64.34,100.0,100.0,2.62,0.8639,0.0,4.9,0.3903,0.01,1.178,1.75,98.74,96.4,2.47,0.7772,0.0,4.5,0.465,1.7,1.865,1.84,48.12,97.95,92.5,2.3,0.8048,0.0,2.58,0.4363,0.56,1.654,1.65,98.8,99.6,2.52,0.881,0.0,5.4,0.7519,1.068,1.22,98.67,96.3,2.21,0.8209,5.13,6.37,0.8573,1.542,1.23,98.45,99.3,1.55,0.8152,0.0,6.2,0.4991,2.55,1.551,87.72,97.03,-1548.5,2.83,0.8433,0.0,5.91,0.479,2.79,1.506,1.49,96.69,93.3,1.96,0.8302,0.0,6.05,0.5238,2.76,1.479,1.46,70.68,96.15,88.3,1.94,0.8189,0.0,6.15,0.509,2.84,1.623,1.41,96.54,98.1,2.82,0.8548,1.93,5.88,1.1555,1.492,1.0,98.03,95.4,1.9,0.8367,2.36,5.05,1.244,1.571,1.01,98.13,98.9,1.65,0.7836,0.0,1.03,0.4084,0.0,1.652,87.47,99.99,95.3,2.53,0.8666,0.0,3.68,0.3682,0.04,1.078,1.35,98.29,97.4,2.07,0.8085,0.0,4.29,0.4432,0.9,1.511,1.47,65.78,97.28,92.8,1.82,0.8325,0.0,3.49,0.4182,0.25,1.352,1.3,99.34,99.6,2.4,0.8893,1.29,3.72,0.4897,0.935,0.77,98.12,96.9,1.68,0.8566,4.67,4.67,0.632,1.198,0.83,99.39,99.5
460,1.64,0.7949,0.0,1.91,0.4277,0.03,1.64,85.95,99.96,81.0,2.53,0.8819,0.0,6.0,0.3912,0.02,0.941,1.56,97.11,92.5,2.04,0.8193,0.0,6.02,0.4675,1.8,1.46,1.4,65.11,96.76,89.5,1.95,0.8439,0.0,3.97,0.4369,0.44,1.305,1.36,97.52,98.9,,,,,,,,,,,,,,,,,,,1.51,0.8197,0.0,6.04,0.496,2.64,1.514,87.63,96.97,-1540.4,2.92,0.8235,0.0,6.05,0.4831,2.61,1.616,1.55,96.5,93.2,1.94,0.8338,0.0,5.94,0.5202,2.8,1.447,1.48,70.16,96.47,88.8,1.92,0.82,0.52,6.8,0.5057,2.91,1.596,1.42,96.67,98.3,2.92,0.8338,1.84,5.78,1.1759,1.611,1.06,98.14,95.9,1.86,0.8393,3.74,5.72,1.2146,1.532,1.02,98.38,99.0,1.54,0.7924,0.0,0.0,0.4068,0.0,1.539,91.95,100.0,100.0,2.54,0.8832,0.0,3.64,0.3635,0.08,0.997,1.28,97.86,96.5,1.96,0.8204,0.0,4.26,0.4406,0.84,1.402,1.45,69.49,97.42,93.3,1.76,0.8399,0.0,3.53,0.4178,0.35,1.299,1.29,99.42,99.7,2.42,0.9005,1.19,4.59,0.4793,0.865,0.7,97.69,95.8,1.62,0.8605,3.81,3.81,0.6392,1.152,0.81,99.47,99.5
480,1.8,0.7797,0.0,0.0,0.433,0.01,1.8,80.88,100.0,100.0,2.69,0.8557,0.0,5.89,0.3932,0.19,1.084,1.55,96.41,91.1,2.16,0.8081,0.0,6.0,0.4677,1.43,1.584,1.44,60.76,97.3,90.7,2.04,0.8348,0.0,4.19,0.4421,0.38,1.404,1.39,98.0,99.1,,,,,,,,,,,,,,,,,,,1.52,0.8188,0.0,5.75,0.4972,2.55,1.519,87.27,97.03,-1529.0,2.87,0.8291,0.0,5.86,0.4799,2.77,1.58,1.53,95.39,91.0,1.92,0.837,0.31,5.58,0.5197,2.6,1.429,1.46,70.47,96.57,88.9,1.89,0.8261,0.0,5.02,0.5067,2.85,1.561,1.39,96.69,98.2,2.86,0.839,2.62,6.3,1.1827,1.576,1.03,96.86,93.3,1.84,0.8434,2.53,5.25,1.2202,1.51,0.98,98.24,98.9,1.55,0.7931,0.0,0.0,0.4072,0.02,1.546,90.34,100.0,100.0,2.36,0.9031,0.0,3.9,0.3661,0.09,0.858,1.2,98.19,96.9,1.97,0.8235,0.0,4.47,0.4423,0.84,1.394,1.43,66.95,97.77,95.4,1.76,0.8449,0.0,3.63,0.4172,0.37,1.291,1.26,99.14,99.7,2.24,0.922,1.66,4.38,0.4832,0.721,0.61,98.03,96.2,1.63,0.8668,3.07,3.59,0.6403,1.145,0.78,99.17,99.6
500,1.59,0.7984,0.0,0.0,0.4283,0.01,1.589,87.37,100.0,100.0,2.53,0.887,0.0,5.89,0.3897,0.17,0.912,1.47,96.68,92.9,1.98,0.8266,0.0,5.85,0.4636,1.46,1.394,1.37,65.16,97.31,90.9,1.95,0.8441,0.0,4.66,0.4406,0.41,1.324,1.35,98.1,98.9,2.39,0.9103,1.97,5.97,0.7267,0.754,0.92,96.51,92.1,1.81,0.8681,5.14,6.33,0.8557,1.173,0.9,97.86,98.6,1.46,0.8281,0.28,6.97,0.5013,2.65,1.463,87.82,96.62,-1626.9,2.91,0.8223,0.0,5.64,0.4888,2.91,1.607,1.5,95.45,92.1,1.88,0.8401,0.26,6.53,0.5252,2.97,1.406,1.42,71.54,95.63,87.2,1.87,0.8271,0.16,5.88,0.508,2.94,1.549,1.37,96.22,98.0,2.89,0.835,2.62,6.38,1.2285,1.591,1.0,96.88,94.2,1.81,0.8467,2.68,5.09,1.2382,1.485,0.96,97.53,98.8,1.61,0.7861,0.0,0.0,0.4136,0.0,1.61,89.83,100.0,100.0,2.4,0.8755,0.0,4.29,0.3706,0.03,0.952,1.24,98.08,97.1,2.04,0.8135,0.0,4.16,0.4502,0.68,1.464,1.47,67.75,98.51,95.2,1.85,0.8248,0.0,4.3,0.4248,0.27,1.413,1.31,99.03,99.5,2.29,0.8915,0.56,4.31,0.5021,0.837,0.66,97.83,96.6,1.73,0.8434,1.94,4.44,0.6791,1.283,0.86,99.06,99.4
550,1.7,0.7852,0.0,0.0,0.4478,0.08,1.703,83.22,100.0,100.0,2.73,0.8401,0.0,6.19,0.4106,0.22,1.171,1.66,94.89,90.2,2.08,0.8074,0.0,5.69,0.4838,1.81,1.551,1.45,63.05,97.33,90.4,1.99,0.8201,0.0,4.7,0.4509,0.6,1.457,1.52,97.17,98.5,2.66,0.8515,3.17,6.29,0.8922,1.087,1.15,94.28,89.3,1.9,0.8356,5.13,5.45,1.0327,1.355,1.11,96.69,97.7,1.57,0.8147,0.0,5.19,0.5154,2.25,1.568,87.15,97.33,-1388.2,3.23,0.7949,0.0,5.78,0.4926,2.55,1.81,1.64,94.83,90.8,1.95,0.8288,0.0,5.32,0.5382,2.43,1.499,1.46,71.36,96.13,87.1,2.0,0.8072,0.0,5.16,0.5216,2.77,1.7,1.44,96.62,98.3,3.24,0.8004,3.17,5.76,1.252,1.827,1.15,96.13,92.8,1.97,0.8224,2.66,4.43,1.3481,1.664,1.04,97.9,98.9,2.47,0.6996,0.0,0.0,0.4657,0.0,2.47,61.46,100.0,100.0,3.97,0.7115,0.0,4.98,0.3886,0.46,2.57,2.14,94.32,87.2,2.77,0.7304,0.0,4.58,0.493,0.77,2.272,2.01,48.91,98.63,95.4,2.61,0.7324,0.0,1.47,0.438,0.14,2.268,1.87,99.6,99.9,3.93,0.7133,4.43,6.34,0.7034,2.536,1.63,94.1,85.2,2.58,0.7346,1.95,3.79,0.9159,2.23,1.47,99.47,99.7
600,1.71,0.7817,0.0,0.56,0.4502,0.0,1.709,86.61,99.92,90.5,3.47,0.7557,0.0,4.73,0.4315,0.5,2.046,1.72,96.96,95.3,2.08,0.802,0.0,5.51,0.4821,0.77,1.588,1.47,68.27,97.9,93.8,2.08,0.7978,0.0,4.05,0.4523,0.08,1.657,1.46,98.01,99.2,3.48,0.7579,3.41,4.96,1.0116,2.058,1.24,96.19,93.1,2.01,0.8103,2.36,4.18,1.0818,1.58,1.05,97.51,99.0,1.73,0.7937,0.0,5.89,0.5042,2.4,1.729,84.61,97.37,-1358.9,2.98,0.806,0.0,6.49,0.4855,2.68,1.762,1.65,96.85,94.1,2.09,0.8098,0.0,5.71,0.5298,2.56,1.636,1.56,69.84,96.5,88.8,2.1,0.7956,0.38,6.76,0.5116,2.65,1.799,1.57,96.82,98.2,2.96,0.817,2.29,5.41,1.237,1.748,1.16,98.81,97.7,2.06,0.8108,4.98,4.98,1.2535,1.754,1.17,98.68,99.1,1.98,0.7382,0.0,0.0,0.4269,0.0,1.977,84.37,100.0,100.0,3.97,0.7279,0.0,4.09,0.393,1.83,2.452,1.81,96.21,94.1,2.44,0.7631,0.0,3.97,0.4647,0.92,1.893,1.72,59.26,98.89,96.7,2.43,0.7544,0.0,3.34,0.4308,0.02,2.026,1.71,99.3,99.5,3.95,0.7327,3.96,6.41,0.692,2.42,1.29,95.45,90.1,2.36,0.7644,0.0,3.44,0.8359,1.945,1.29,99.23,99.5
650,1.39,0.8129,0.0,0.0,0.4361,0.0,1.394,92.34,100.0,100.0,3.69,0.7514,0.0,5.41,0.4351,0.41,2.246,1.9,96.34,92.4,1.77,0.8335,0.0,4.86,0.4634,0.36,1.291,1.38,74.0,98.93,97.0,1.85,0.8138,0.0,2.83,0.4432,0.21,1.462,1.42,98.71,99.6,3.68,0.758,2.14,5.44,0.9573,2.241,1.44,95.69,91.0,1.74,0.8299,0.99,3.0,0.9459,1.351,0.99,98.52,99.4,1.91,0.7621,0.0,6.37,0.554,1.61,1.91,78.1,98.31,-787.4,2.95,0.7934,0.0,5.59,0.5177,1.92,1.741,1.66,97.75,97.1,2.23,0.7875,0.0,6.33,0.5732,1.72,1.76,1.71,64.23,98.13,94.2,2.38,0.766,0.0,4.47,0.5532,1.81,2.065,1.69,98.09,99.2,2.99,0.7969,5.14,6.95,1.5357,1.793,1.19,97.98,96.1,2.42,0.7728,5.0,5.74,1.6899,2.113,1.32,99.0,99.2,2.26,0.7369,0.0,0.0,0.4432,0.0,2.265,63.51,100.0,100.0,3.27,0.7555,0.0,5.97,0.4032,0.12,1.98,1.6,98.17,96.7,2.63,0.757,0.0,5.78,0.475,0.41,2.179,1.75,47.08,98.52,93.6,2.48,0.756,0.0,2.53,0.4391,0.33,2.2,1.65,97.69,99.0,3.25,0.7587,1.85,6.38,0.7492,1.965,1.11,98.0,96.1,2.47,0.763,1.74,3.31,0.8613,2.183,1.25,97.29,98.8
700,1.24,0.8443,0.0,0.0,0.4357,0.02,1.238,88.95,100.0,100.0,2.42,0.9036,0.0,4.41,0.3968,0.39,0.81,1.16,98.43,97.4,1.63,0.8602,0.0,5.08,0.465,0.52,1.151,1.2,72.09,98.68,96.3,1.57,0.8598,0.0,2.2,0.4372,0.22,1.154,1.14,98.4,99.5,2.3,0.9204,2.15,4.59,0.736,0.672,0.58,97.94,96.4,1.43,0.8794,2.32,4.21,0.8801,1.006,0.68,98.19,99.2,1.42,0.8235,0.0,0.0,0.4386,0.05,1.424,86.98,100.0,100.0,2.61,0.8535,0.0,5.73,0.4069,0.08,1.166,1.36,97.24,95.6,1.76,0.8382,0.0,2.99,0.4604,0.15,1.35,1.38,73.5,99.59,98.9,1.68,0.8299,0.0,1.86,0.4406,0.09,1.389,1.31,99.67,99.9,2.52,0.8658,1.62,6.27,0.855,1.069,0.81,97.12,95.3,1.57,0.8476,1.8,2.58,0.9517,1.264,0.88,99.52,99.8,1.37,0.8168,0.0,1.52,0.4322,0.07,1.368,94.58,99.98,88.2,2.8,0.8054,0.0,3.45,0.3914,0.1,1.465,1.46,98.81,98.9,1.77,0.8301,0.0,4.94,0.4694,0.34,1.313,1.41,77.06,98.03,93.8,1.75,0.8179,0.0,4.12,0.4228,0.17,1.432,1.4,95.09,96.2,2.76,0.8082,1.44,3.6,0.6888,1.423,0.92,98.68,98.8,1.67,0.8295,2.62,4.32,0.7863,1.342,0.97,94.81,96.0
750,1.22,0.8433,0.0,0.31,0.451,0.0,1.224,93.94,99.97,97.1,2.41,0.8879,0.0,4.46,0.4076,0.38,0.902,1.17,98.31,96.7,1.62,0.8552,0.0,4.96,0.4783,0.2,1.16,1.21,76.73,99.19,98.0,1.6,0.8501,0.0,2.36,0.4502,0.08,1.199,1.18,98.69,99.6,2.32,0.9007,1.64,4.35,0.814,0.801,0.61,97.94,96.1,1.5,0.8674,0.95,2.92,0.99,1.082,0.73,98.29,99.5,1.34,0.8233,0.0,0.0,0.4305,0.0,1.342,95.25,100.0,100.0,2.75,0.8153,0.0,5.61,0.4116,0.02,1.394,1.44,99.65,99.2,1.67,0.841,0.0,2.97,0.4542,0.09,1.259,1.41,79.83,99.74,99.5,1.6,0.8385,0.0,1.79,0.4358,0.21,1.274,1.28,99.59,99.9,2.68,0.8244,0.55,5.95,0.9181,1.315,0.9,99.55,99.1,1.48,0.8579,2.09,3.49,0.9258,1.137,0.83,99.42,99.7,1.2,0.8417,0.0,0.9,0.4318,0.02,1.203,94.87,99.46,24.8,2.31,0.8921,0.0,4.77,0.3943,0.03,0.953,1.23,99.61,99.3,1.62,0.8527,0.0,3.76,0.4681,0.25,1.173,1.29,76.98,98.69,97.0,1.5,0.8581,0.0,3.51,0.4257,0.08,1.146,1.2,98.61,99.2,2.19,0.9123,0.66,4.89,0.68,0.819,0.65,99.58,99.3,1.36,0.8829,2.88,4.2,0.795,0.987,0.73,98.39,99.0
800,0.92,0.8846,0.0,0.08,0.4167,0.02,0.915,95.99,99.98,99.5,2.44,0.8934,0.0,3.85,0.3958,0.77,0.847,1.11,96.96,94.6,1.32,0.8935,0.0,5.43,0.4532,0.35,0.868,1.07,79.22,99.05,97.2,1.34,0.884,0.0,3.12,0.4255,0.11,0.947,1.04,98.59,99.4,2.32,0.9102,3.96,4.77,0.6946,0.714,0.53,96.22,91.8,1.18,0.9111,1.66,3.91,0.7711,0.764,0.57,98.25,99.3,1.43,0.8112,0.0,0.0,0.4236,0.0,1.428,93.18,100.0,100.0,2.54,0.8454,0.0,4.17,0.398,0.03,1.212,1.42,99.1,98.6,1.76,0.8277,0.0,3.73,0.4498,0.17,1.347,1.5,78.01,99.58,99.0,1.76,0.8178,0.0,3.09,0.4295,0.13,1.436,1.45,99.65,99.8,2.43,0.8628,0.97,5.15,0.8034,1.091,0.87,99.12,98.5,1.63,0.837,2.01,3.39,0.8651,1.3,1.02,99.52,99.7,1.69,0.7728,0.0,0.0,0.4318,0.0,1.688,87.32,100.0,100.0,2.63,0.844,0.0,4.88,0.3855,0.0,1.195,1.39,99.43,98.8,2.0,0.7928,0.0,2.72,0.4643,0.21,1.592,1.69,74.39,99.27,98.5,1.91,0.7964,0.0,2.16,0.4231,0.14,1.588,1.52,99.41,99.9,2.53,0.8606,0.0,4.99,0.6335,1.075,0.84,99.37,98.5,1.81,0.81,3.15,4.99,0.8031,1.474,1.1,99.25,99.6
850,0.88,0.8882,0.0,0.0,0.4234,0.04,0.88,96.37,100.0,100.0,2.27,0.9198,0.0,3.51,0.3929,0.51,0.71,1.0,98.3,97.4,1.3,0.8964,0.0,5.86,0.4546,0.42,0.848,1.03,79.56,98.97,96.2,1.28,0.8925,0.0,3.14,0.4266,0.26,0.878,0.97,99.26,99.7,2.14,0.9401,3.06,3.78,0.7005,0.564,0.4,97.69,95.8,1.11,0.9203,1.93,3.38,0.8181,0.687,0.48,99.01,99.5,1.07,0.8638,0.0,0.0,0.4234,0.03,1.069,96.79,100.0,100.0,2.44,0.8688,0.0,2.31,0.3989,0.03,1.14,1.35,99.85,99.8,1.44,0.8727,0.0,3.58,0.449,0.15,1.04,1.23,81.75,99.41,98.6,1.4,0.867,0.0,2.01,0.4253,0.32,1.09,1.16,99.4,99.8,2.34,0.881,0.66,3.45,0.8057,1.037,0.82,99.77,99.8,1.26,0.8904,3.27,4.51,0.8321,0.934,0.71,99.15,99.5,1.52,0.7973,0.0,0.0,0.4245,0.0,1.524,89.75,100.0,100.0,2.83,0.8087,0.0,5.8,0.4008,0.46,1.515,1.51,96.79,89.3,1.9,0.8118,0.0,4.64,0.4648,0.26,1.48,1.46,73.2,98.39,95.7,1.85,0.8009,0.0,2.1,0.4367,0.19,1.573,1.43,99.04,99.6,2.77,0.8149,5.07,6.36,0.7132,1.45,0.97,96.26,87.3,1.75,0.8169,4.95,6.28,0.8462,1.453,0.99,98.81,99.3
900,0.94,0.883,0.0,0.0,0.4216,0.0,0.944,95.32,100.0,100.0,2.91,0.8076,0.0,5.56,0.4042,0.9,1.512,1.3,97.76,96.0,1.35,0.891,0.0,5.71,0.4511,0.21,0.903,1.09,78.85,99.25,97.4,1.43,0.8737,0.0,1.58,0.4294,0.19,1.033,1.06,99.43,99.9,2.85,0.8159,3.5,5.84,0.7672,1.441,0.75,96.82,93.9,1.32,0.8897,2.93,3.13,0.8232,0.908,0.6,99.24,99.7,1.25,0.8382,0.0,0.0,0.4202,0.0,1.253,94.01,100.0,100.0,3.52,0.7521,0.0,2.1,0.4055,0.0,2.221,2.1,99.86,99.8,1.63,0.8455,0.0,3.89,0.4491,0.11,1.24,1.41,79.24,99.19,97.7,1.78,0.8119,0.0,2.36,0.4303,0.25,1.522,1.53,99.55,99.8,3.43,0.7626,0.0,2.86,0.868,2.122,1.56,99.86,99.8,1.68,0.8281,2.91,3.54,0.8903,1.402,1.1,99.38,99.6,0.95,0.8807,0.0,0.46,0.4114,0.0,0.95,96.76,98.97,26.0,2.31,0.8657,0.0,5.16,0.3971,0.21,1.056,1.19,97.07,93.2,1.36,0.8824,0.0,4.76,0.4476,0.1,0.965,1.15,82.32,98.92,97.4,1.35,0.8664,0.0,1.39,0.417,0.29,1.068,1.09,98.8,99.8,2.24,0.8764,4.77,5.3,0.7001,0.977,0.63,96.72,92.0,1.21,0.8879,1.32,1.78,0.7149,0.918,0.62,98.5,99.7
950,0.83,0.8952,0.0,0.04,0.4102,0.0,0.827,98.03,99.99,99.8,2.48,0.8688,0.0,5.22,0.3844,0.32,1.005,1.13,96.97,93.6,1.24,0.8989,0.0,6.03,0.4392,0.24,0.817,1.0,81.41,99.22,97.5,1.26,0.8908,0.0,4.73,0.4171,0.23,0.869,0.96,99.43,99.6,2.34,0.8911,2.05,5.78,0.6127,0.851,0.53,96.72,92.8,1.07,0.9205,2.14,4.9,0.6934,0.663,0.45,99.14,99.5,1.04,0.8649,0.0,0.7,0.415,0.04,1.044,97.59,99.41,35.4,2.53,0.8708,0.0,5.72,0.3967,0.2,1.039,1.37,95.16,94.3,1.42,0.8686,0.0,4.14,0.4414,0.15,1.038,1.31,83.16,98.68,98.2,1.43,0.8545,0.0,1.46,0.423,0.31,1.126,1.31,98.93,99.8,2.41,0.8913,3.01,6.21,0.7421,0.903,0.83,94.72,93.4,1.29,0.8776,4.31,4.71,0.7875,0.974,0.87,98.61,99.5,0.88,0.8894,0.0,0.0,0.4019,0.0,0.885,97.06,100.0,100.0,1.93,0.9175,0.0,1.42,0.3856,0.13,0.725,1.06,99.35,99.8,1.29,0.894,0.0,4.81,0.4352,0.15,0.881,1.12,81.27,99.69,98.8,1.22,0.886,0.0,1.49,0.4079,0.21,0.93,1.04,99.48,99.9,1.76,0.9455,1.62,1.92,0.6223,0.533,0.45,99.25,99.5,1.04,0.9147,1.45,2.88,0.6349,0.74,0.55,99.34,99.8
1000,0.82,0.8997,0.0,0.0,0.4135,0.14,0.823,97.11,100.0,100.0,2.15,0.9278,0.0,5.6,0.3896,0.73,0.654,1.03,96.21,91.2,1.21,0.9082,0.0,6.04,0.4456,0.28,0.775,1.03,81.02,98.89,96.6,1.22,0.9036,0.0,2.98,0.4203,0.14,0.806,0.96,98.86,99.5,2.02,0.9475,2.56,5.91,0.624,0.505,0.42,95.53,89.7,1.05,0.9296,2.63,3.42,0.7141,0.624,0.47,98.5,99.3,0.97,0.8812,0.0,0.83,0.4223,0.08,0.968,96.02,99.61,53.7,2.45,0.8728,0.0,5.78,0.4027,0.1,1.001,1.18,99.28,98.4,1.32,0.8854,0.0,5.37,0.4464,0.19,0.959,1.18,82.02,99.23,97.7,1.3,0.8771,0.0,3.43,0.4262,0.33,1.003,1.1,98.98,99.5,2.35,0.8878,3.81,6.36,0.7746,0.89,0.61,99.13,98.0,1.16,0.8992,2.57,3.89,0.808,0.85,0.63,98.79,99.3,1.26,0.8372,0.0,0.0,0.4195,0.02,1.257,92.53,100.0,100.0,2.59,0.8171,0.0,2.93,0.3937,0.22,1.402,1.55,99.74,99.6,1.6,0.8496,0.0,3.77,0.4493,0.16,1.198,1.27,79.01,99.35,98.2,1.52,0.8466,0.0,2.37,0.4186,0.99,1.217,1.2,99.26,99.8,2.52,0.8206,1.08,3.07,0.6816,1.337,0.99,99.54,99.4,1.42,0.8625,7.73,7.93,0.6956,1.101,0.74,98.4,98.7
1050,0.68,0.9192,0.0,0.0,0.4089,0.1,0.685,97.44,100.0,100.0,2.09,0.9434,0.0,4.88,0.3826,0.34,0.533,0.93,96.88,93.2,1.09,0.9237,0.0,4.01,0.4439,0.28,0.664,0.97,82.59,99.52,98.6,1.08,0.919,0.0,3.35,0.4149,0.16,0.692,0.9,99.78,99.8,1.9,0.9727,2.17,5.11,0.5834,0.329,0.29,96.54,92.4,0.87,0.952,2.37,3.74,0.6546,0.464,0.39,99.5,99.7,0.79,0.9039,0.0,0.0,0.4073,0.08,0.791,98.19,99.99,100.0,2.24,0.9109,0.0,5.67,0.3965,0.1,0.783,1.08,99.53,98.9,1.16,0.9063,0.0,5.94,0.4345,0.27,0.787,1.08,84.68,99.2,98.1,1.18,0.8937,0.0,2.54,0.4151,0.53,0.881,1.01,99.26,99.7,2.1,0.9349,3.9,5.17,0.7061,0.622,0.48,99.35,98.6,1.01,0.9231,3.48,5.27,0.7205,0.692,0.52,98.86,99.4,0.84,0.9014,0.0,0.0,0.3998,0.0,0.84,97.56,100.0,100.0,1.99,0.9186,0.0,0.74,0.3824,0.0,0.785,1.16,99.88,99.9,1.18,0.9075,0.0,5.78,0.4297,0.08,0.813,1.09,83.89,99.71,99.1,1.16,0.9016,0.0,1.68,0.4046,0.34,0.851,1.0,99.08,99.7,1.83,0.9457,0.0,1.32,0.5803,0.611,0.55,99.9,99.9,0.98,0.9306,2.97,3.56,0.6043,0.663,0.5,98.9,99.5
1100,1.57,0.809,0.0,0.41,0.4296,0.0,1.57,81.31,99.6,69.2,2.56,0.8513,0.0,4.58,0.3921,0.08,1.09,1.08,97.27,96.3,1.87,0.8239,0.0,5.67,0.4614,0.03,1.452,1.2,67.86,99.05,97.7,1.64,0.8409,0.0,2.2,0.4269,0.15,1.281,1.07,99.14,99.7,2.44,0.8657,1.72,4.74,0.6462,0.961,0.48,97.16,95.8,1.52,0.8574,2.15,2.74,0.7797,1.147,0.59,98.85,99.6,0.82,0.9021,0.0,0.17,0.4124,0.07,0.822,97.23,99.89,95.0,2.08,0.9159,0.0,4.36,0.3994,0.08,0.755,1.08,99.07,98.6,1.19,0.9049,0.0,3.71,0.4417,0.17,0.82,1.1,83.68,99.16,98.2,1.12,0.901,0.0,2.84,0.4192,0.23,0.849,1.02,99.26,99.7,1.96,0.9361,1.67,5.05,0.733,0.617,0.47,99.08,98.4,0.96,0.9292,2.77,3.89,0.7485,0.668,0.53,99.06,99.5,0.78,0.9093,0.0,0.54,0.3959,0.0,0.776,98.95,99.99,97.5,2.45,0.8738,0.0,5.62,0.3793,0.39,1.096,1.37,96.66,91.7,1.14,0.9111,0.0,3.3,0.4259,0.16,0.781,1.11,86.1,99.73,99.1,1.15,0.9,0.0,4.2,0.401,0.45,0.863,1.05,98.5,99.4,2.3,0.8966,7.25,7.0,0.5414,0.927,0.77,96.42,90.1,0.97,0.931,4.35,5.23,0.5677,0.662,0.54,98.26,99.2
1150,0.64,0.9267,0.0,0.0,0.4038,0.02,0.642,97.42,100.0,100.0,2.15,0.9355,0.0,4.6,0.3793,0.28,0.59,0.96,97.18,94.3,1.05,0.9301,0.0,4.95,0.4355,0.19,0.627,0.92,82.2,99.49,98.3,1.05,0.9263,0.0,3.9,0.4101,0.31,0.653,0.82,99.64,99.7,1.99,0.9621,2.32,4.79,0.5571,0.403,0.32,96.84,93.5,0.82,0.9602,1.69,4.35,0.618,0.41,0.29,99.17,99.6,0.86,0.8938,0.0,0.0,0.4118,0.07,0.857,97.85,100.0,100.0,2.12,0.9153,0.0,5.91,0.3937,0.13,0.749,1.07,97.47,94.5,1.2,0.8978,0.0,4.04,0.4378,0.17,0.846,1.09,84.54,99.62,99.1,1.12,0.898,0.0,0.95,0.418,0.34,0.847,1.0,99.41,99.9,1.98,0.9392,4.27,6.2,0.6889,0.586,0.46,97.43,93.9,0.95,0.9261,3.0,4.43,0.7238,0.661,0.51,99.25,99.7,0.73,0.9163,0.0,0.0,0.3987,0.0,0.732,98.0,100.0,100.0,1.98,0.9073,0.0,1.43,0.3866,0.14,0.801,1.15,99.66,99.7,1.08,0.9194,0.0,4.57,0.4268,0.09,0.722,1.04,85.92,99.75,99.2,1.07,0.9099,0.0,1.4,0.4049,0.31,0.785,0.97,99.8,99.9,1.82,0.9333,1.42,2.79,0.5931,0.632,0.54,99.56,99.5,0.89,0.941,2.85,4.68,0.5948,0.588,0.47,99.6,99.8
1200,0.68,0.9205,0.0,0.0,0.4082,0.14,0.68,97.83,100.0,100.0,2.07,0.9455,0.0,4.65,0.381,0.09,0.536,0.88,97.48,94.7,1.09,0.9225,0.0,6.14,0.4417,0.29,0.675,0.94,81.94,99.3,97.6,1.1,0.9153,0.0,4.2,0.4159,0.15,0.716,0.85,99.59,99.7,1.9,0.9718,1.62,5.32,0.556,0.347,0.22,97.16,94.3,0.9,0.9467,1.63,4.76,0.6545,0.493,0.32,99.32,99.6,0.87,0.8939,0.0,0.07,0.4144,0.07,0.866,97.29,99.97,99.2,2.11,0.9047,0.0,5.13,0.3987,0.12,0.798,1.06,98.98,98.3,1.22,0.8957,0.0,5.34,0.4408,0.14,0.865,1.08,84.29,98.95,97.4,1.14,0.8965,0.0,1.8,0.4192,0.33,0.867,1.0,98.99,99.7,1.97,0.9279,2.22,6.0,0.7303,0.642,0.45,98.88,98.1,0.97,0.9259,3.51,5.34,0.7202,0.675,0.5,98.69,99.4,0.69,0.9208,0.0,0.41,0.4001,0.03,0.693,97.82,99.99,98.1,1.82,0.9398,0.0,2.58,0.3842,0.21,0.6,0.97,98.18,98.3,1.06,0.9213,0.0,5.98,0.4294,0.14,0.697,1.01,84.92,99.74,99.0,0.99,0.916,0.0,0.87,0.4062,0.33,0.725,0.91,99.73,100.0,1.65,0.9681,2.5,2.75,0.5548,0.408,0.32,98.02,97.8,0.79,0.9478,3.32,5.07,0.5757,0.513,0.39,99.56,99.7
1250,0.55,0.9394,0.0,0.02,0.3996,0.1,0.546,98.75,99.99,99.9,2.08,0.9524,0.0,4.55,0.3785,0.58,0.478,0.86,96.49,92.8,0.95,0.9414,0.0,6.39,0.4352,0.31,0.542,0.89,83.68,99.39,97.7,1.0,0.933,0.0,3.27,0.4075,0.47,0.6,0.8,99.56,99.8,1.88,0.9811,2.09,5.67,0.5399,0.258,0.18,96.01,91.6,0.78,0.9649,5.05,5.99,0.6034,0.36,0.26,99.08,99.3,0.99,0.8756,0.0,0.0,0.4109,0.01,0.989,95.64,100.0,100.0,2.58,0.8855,0.0,6.31,0.3894,0.51,0.993,1.46,96.59,85.1,1.33,0.8833,0.0,3.58,0.4373,0.08,0.962,1.31,82.83,99.77,99.2,1.29,0.8767,0.0,1.36,0.4153,0.13,1.009,1.24,99.75,99.9,2.46,0.9053,4.43,6.37,0.6624,0.856,0.9,96.23,84.6,1.14,0.9002,2.21,1.95,0.7315,0.852,0.78,99.59,99.9,0.77,0.9103,0.0,0.0,0.4079,0.02,0.768,97.36,100.0,100.0,1.84,0.9181,0.0,4.09,0.3908,0.15,0.733,1.04,98.69,97.2,1.12,0.9131,0.0,5.33,0.439,0.09,0.764,1.03,84.24,99.46,98.4,1.09,0.9027,0.0,1.69,0.4112,0.14,0.829,0.94,99.25,99.8,1.73,0.9324,3.59,4.28,0.6105,0.625,0.43,98.49,96.5,0.97,0.9214,1.39,2.24,0.6344,0.701,0.45,99.08,99.7
1300,0.84,0.9031,0.0,0.0,0.4089,0.13,0.838,94.32,100.0,100.0,2.31,0.9057,0.0,4.43,0.3838,3.16,0.783,0.98,97.29,94.6,1.21,0.9103,0.0,4.68,0.4469,0.27,0.792,0.99,79.76,99.37,98.1,1.2,0.8989,0.0,2.92,0.4126,0.34,0.829,0.88,99.69,99.8,2.18,0.9233,2.2,4.76,0.5807,0.638,0.35,94.05,89.5,1.02,0.923,2.26,3.36,0.6562,0.639,0.36,99.29,99.7,0.77,0.9098,0.0,0.0,0.4113,0.02,0.766,97.76,100.0,100.0,1.95,0.9287,0.0,3.74,0.3953,0.11,0.682,1.05,98.82,98.1,1.11,0.9124,0.0,5.11,0.4357,0.07,0.764,1.06,85.2,99.65,99.1,1.06,0.9097,0.0,1.74,0.4167,0.2,0.788,0.97,99.39,99.9,1.82,0.9482,2.77,5.02,0.6666,0.542,0.44,98.64,97.7,0.89,0.9368,3.09,2.84,0.6932,0.607,0.47,99.16,99.7,0.6,0.9331,0.0,0.0,0.3955,0.02,0.605,98.61,100.0,100.0,1.8,0.9307,0.0,2.74,0.3836,0.19,0.648,1.0,99.07,98.7,0.96,0.933,0.0,4.91,0.4263,0.1,0.616,0.98,86.58,99.69,99.3,0.93,0.9253,0.0,1.76,0.4006,0.24,0.669,0.88,99.31,99.8,1.64,0.9546,3.95,3.95,0.5536,0.48,0.37,98.78,98.0,0.72,0.9587,1.88,2.77,0.5564,0.447,0.36,99.04,99.7
1350,0.71,0.915,0.0,0.0,0.4107,0.13,0.712,97.18,100.0,100.0,2.15,0.9333,0.0,4.36,0.3797,0.01,0.602,0.9,98.13,96.7,1.1,0.9201,0.0,5.86,0.443,0.33,0.69,0.92,81.88,99.05,96.3,1.05,0.9231,0.0,3.52,0.4117,0.47,0.667,0.8,99.29,99.7,1.97,0.9608,1.34,4.41,0.5519,0.403,0.24,97.86,96.2,0.83,0.9557,4.67,4.67,0.6342,0.423,0.26,98.81,99.3,0.75,0.9101,0.0,0.08,0.4113,0.05,0.751,98.16,99.97,99.3,2.07,0.9177,0.0,4.67,0.398,0.1,0.719,1.06,99.66,99.3,1.11,0.9114,0.0,5.52,0.4383,0.09,0.757,1.05,84.61,99.28,98.7,1.06,0.9066,0.0,0.94,0.4187,0.39,0.786,0.97,99.41,99.9,1.93,0.9379,1.86,5.33,0.68,0.571,0.46,99.55,99.1,0.89,0.935,4.14,4.82,0.7025,0.595,0.48,99.13,99.6,0.6,0.9332,0.0,1.03,0.396,0.0,0.604,98.83,99.99,95.3,1.67,0.9494,0.0,3.73,0.383,0.14,0.526,0.95,97.76,97.0,0.95,0.933,0.0,4.55,0.4247,0.09,0.611,0.98,86.78,99.62,98.9,0.9,0.9278,0.0,1.31,0.4017,0.37,0.641,0.87,99.76,99.9,1.47,0.9811,3.57,3.93,0.5458,0.306,0.29,97.59,96.4,0.69,0.9629,2.08,2.34,0.5542,0.406,0.35,99.47,99.8
1400,0.68,0.9208,0.0,0.0,0.4009,0.13,0.675,97.93,100.0,100.0,2.16,0.9226,0.0,4.81,0.3813,0.07,0.654,0.91,97.64,95.7,1.08,0.9241,0.0,5.5,0.4394,0.23,0.665,0.92,83.0,99.55,98.5,1.05,0.922,0.0,2.59,0.4068,0.33,0.662,0.81,99.68,99.8,2.0,0.9477,1.56,4.93,0.5438,0.472,0.25,97.4,95.1,0.84,0.9532,2.19,2.96,0.6043,0.434,0.27,99.25,99.7,1.18,0.8501,0.0,0.23,0.4159,0.0,1.178,90.76,99.89,94.5,2.43,0.8422,0.0,4.08,0.4002,0.1,1.21,1.27,98.66,97.7,1.48,0.861,0.0,3.66,0.4405,0.03,1.121,1.23,79.15,99.49,99.0,1.37,0.8575,0.0,1.53,0.4224,0.14,1.146,1.12,99.55,99.9,2.37,0.8476,1.81,5.37,0.7137,1.14,0.7,98.44,97.5,1.27,0.8706,2.63,2.37,0.7509,1.039,0.67,99.42,99.8,0.58,0.9372,0.0,0.06,0.3956,0.1,0.58,98.39,99.99,99.7,1.87,0.9092,0.0,3.28,0.3882,0.17,0.782,1.08,98.17,96.9,0.95,0.9343,0.0,4.3,0.4272,0.19,0.607,0.96,86.54,99.58,98.8,0.96,0.9177,0.0,1.31,0.4038,0.31,0.715,0.89,99.3,99.9,1.74,0.9282,3.92,3.92,0.5742,0.641,0.46,98.0,96.3,0.76,0.9493,3.73,5.45,0.5736,0.5,0.38,99.0,99.5
1450,1.23,0.8405,0.0,0.16,0.4137,0.0,1.229,89.06,99.98,98.8,2.65,0.8426,0.0,4.51,0.3926,0.05,1.143,1.12,97.91,96.9,1.58,0.8518,0.0,6.0,0.4478,0.34,1.15,1.13,73.81,99.18,96.7,1.49,0.8505,0.0,2.15,0.4163,0.19,1.136,1.02,99.66,99.9,2.54,0.852,1.91,4.57,0.6105,1.033,0.52,97.69,96.4,1.36,0.8654,1.71,2.43,0.6678,0.992,0.53,99.39,99.8,0.8,0.9036,0.0,0.0,0.4074,0.05,0.801,97.23,100.0,100.0,1.92,0.9151,0.0,3.91,0.3925,0.13,0.743,1.04,98.28,96.1,1.13,0.9073,0.0,3.75,0.4322,0.11,0.788,1.05,85.31,99.81,99.5,1.05,0.9036,0.0,1.09,0.4134,0.27,0.81,0.96,99.86,100.0,1.79,0.9355,1.33,4.08,0.6466,0.601,0.43,98.2,95.9,0.9,0.9276,3.84,5.1,0.6681,0.642,0.47,99.71,99.7,0.84,0.9002,0.0,0.0,0.3937,0.0,0.839,98.45,100.0,100.0,1.97,0.9119,0.0,4.36,0.3802,0.1,0.799,1.09,97.98,95.6,1.16,0.9071,0.0,4.37,0.4215,0.12,0.806,1.1,86.14,99.81,99.3,1.11,0.9029,0.0,1.06,0.4001,0.28,0.842,1.0,99.84,99.9,1.81,0.9391,3.58,4.39,0.522,0.622,0.46,97.8,95.1,0.93,0.9349,3.64,3.64,0.5532,0.64,0.5,99.67,99.8
1500,0.58,0.937,0.0,0.4,0.3989,0.1,0.579,98.44,99.64,90.2,2.06,0.9509,0.0,3.67,0.3801,0.07,0.492,0.86,97.69,97.7,0.97,0.9387,0.0,5.84,0.4339,0.29,0.575,0.9,84.22,99.18,98.1,1.02,0.9307,0.0,2.68,0.4058,0.34,0.623,0.82,99.4,99.8,1.86,0.9813,1.59,3.76,0.527,0.265,0.2,97.55,97.3,0.8,0.9636,2.34,3.0,0.5928,0.384,0.29,98.93,99.6,0.68,0.9234,0.0,0.33,0.4041,0.11,0.677,98.64,99.79,94.3,1.85,0.9307,0.0,3.45,0.3899,0.14,0.659,1.01,97.86,97.1,1.02,0.9249,0.0,4.53,0.4293,0.24,0.677,1.01,86.32,99.5,98.5,0.95,0.921,0.0,1.37,0.4107,0.12,0.703,0.92,99.41,99.9,1.7,0.954,1.82,4.15,0.6409,0.494,0.38,97.8,96.8,0.77,0.951,2.69,2.43,0.6679,0.501,0.41,99.29,99.8,0.61,0.9341,0.0,0.0,0.3977,0.11,0.605,98.4,100.0,100.0,1.63,0.9464,0.0,2.75,0.3828,0.14,0.534,0.91,99.17,98.8,0.91,0.9377,0.0,3.99,0.4263,0.23,0.587,0.94,87.69,99.89,99.6,0.87,0.9332,0.0,0.38,0.4025,0.34,0.615,0.83,99.46,100.0,1.43,0.9776,3.75,3.75,0.5286,0.317,0.25,99.04,98.2,0.66,0.9664,5.1,5.1,0.5536,0.387,0.3,99.02,99.7
1550,0.51,0.9439,0.0,0.0,0.4005,0.07,0.513,98.75,100.0,100.0,2.1,0.939,0.0,4.64,0.3815,0.03,0.561,0.88,98.25,96.9,0.92,0.944,0.0,6.08,0.4335,0.33,0.521,0.87,84.64,99.35,97.6,0.98,0.9334,0.0,2.29,0.4091,0.41,0.596,0.77,99.25,99.8,1.93,0.9653,1.42,4.69,0.5385,0.369,0.21,97.96,96.4,0.74,0.9674,3.82,3.82,0.5964,0.342,0.22,98.75,99.5,0.86,0.8883,0.0,0.65,0.4074,0.02,0.86,98.29,99.9,83.7,2.5,0.8073,0.0,4.35,0.4064,0.23,1.428,1.3,98.0,95.5,1.19,0.8908,0.0,4.9,0.4328,0.11,0.855,1.13,85.76,99.65,99.0,1.19,0.8723,0.0,0.65,0.4149,0.16,0.964,1.11,99.86,100.0,2.44,0.8147,2.6,4.53,0.7099,1.363,0.75,97.55,94.8,1.04,0.8952,2.77,2.52,0.6888,0.803,0.65,99.62,99.9,0.54,0.9422,0.0,0.89,0.3944,0.02,0.539,99.04,99.96,90.6,1.56,0.9497,0.0,2.44,0.3823,0.13,0.512,0.92,99.93,99.9,0.86,0.9431,0.0,2.65,0.423,0.12,0.54,0.93,87.86,99.67,99.2,0.84,0.9357,0.0,0.89,0.3999,0.38,0.59,0.82,99.46,99.9,1.35,0.9816,3.94,3.94,0.5219,0.283,0.25,99.79,99.4,0.61,0.9704,3.6,3.6,0.5346,0.346,0.28,99.2,99.7
1600,0.48,0.9493,0.0,0.0,0.3984,0.02,0.48,98.61,100.0,100.0,1.96,0.9602,0.0,4.68,0.3773,0.02,0.42,0.83,98.51,97.3,0.89,0.9499,0.0,3.51,0.4344,0.23,0.482,0.86,84.3,99.48,98.7,0.9,0.9447,0.0,2.56,0.4061,0.44,0.516,0.76,99.64,99.9,1.74,0.9921,0.81,4.8,0.5102,0.175,0.13,98.25,96.9,0.65,0.9804,4.94,4.94,0.5753,0.24,0.2,99.14,99.5,0.64,0.9281,0.0,0.59,0.4017,0.0,0.643,98.88,99.97,97.1,2.02,0.9135,0.0,3.19,0.3958,0.16,0.798,1.12,97.25,96.6,0.99,0.928,0.0,4.65,0.4281,0.12,0.654,1.0,86.83,99.43,98.7,0.99,0.9158,0.0,1.06,0.4115,0.29,0.743,0.93,99.41,99.9,1.89,0.933,3.72,5.44,0.6662,0.66,0.52,96.85,95.7,0.81,0.945,2.59,3.88,0.6612,0.548,0.43,99.26,99.7,0.57,0.9393,0.0,0.0,0.3954,0.08,0.566,98.16,100.0,100.0,1.67,0.9488,0.0,2.39,0.3826,0.19,0.529,0.92,98.91,98.5,0.89,0.9405,0.0,3.6,0.425,0.17,0.568,0.95,87.49,99.78,99.3,0.86,0.9335,0.0,1.59,0.401,0.31,0.608,0.83,99.76,99.9,1.48,0.9788,3.05,2.8,0.523,0.317,0.26,98.7,98.0,0.64,0.9666,5.13,5.13,0.5389,0.377,0.3,99.54,99.7
1650,0.73,0.9164,0.0,0.0,0.408,0.03,0.732,96.45,100.0,100.0,2.24,0.9185,0.0,4.23,0.3818,0.03,0.686,0.92,98.69,98.0,1.11,0.9208,0.0,3.73,0.4386,0.24,0.707,0.94,82.78,99.59,98.8,1.06,0.9203,0.0,0.78,0.4092,0.15,0.699,0.82,99.85,100.0,2.08,0.9403,1.57,4.28,0.5545,0.517,0.28,98.37,97.5,0.87,0.951,2.39,2.67,0.6149,0.487,0.29,99.66,99.9,0.58,0.9372,0.0,0.04,0.401,0.0,0.578,99.0,99.99,99.8,1.87,0.9376,0.0,2.94,0.3917,0.15,0.617,0.99,97.85,98.4,0.92,0.9369,0.0,3.44,0.4272,0.1,0.588,0.96,87.44,99.54,99.2,0.9,0.9295,0.0,1.08,0.4094,0.29,0.643,0.88,99.51,99.9,1.71,0.9648,2.96,5.26,0.6165,0.432,0.35,97.75,97.8,0.7,0.9616,4.17,4.17,0.6335,0.426,0.36,99.39,99.7,0.72,0.9164,0.0,0.2,0.4015,0.1,0.719,96.43,99.99,99.1,1.57,0.9486,0.0,2.8,0.3829,0.14,0.516,0.91,98.9,98.7,1.01,0.9219,0.0,3.3,0.427,0.21,0.685,0.98,85.31,99.79,99.5,0.96,0.9176,0.0,1.54,0.4046,0.24,0.706,0.88,99.65,99.9,1.37,0.978,3.82,3.82,0.5248,0.304,0.24,98.7,98.1,0.75,0.9506,1.88,3.54,0.5526,0.475,0.34,99.54,99.8
1700,0.62,0.9318,0.0,0.0,0.4015,0.09,0.62,98.2,100.0,100.0,2.05,0.9422,0.0,4.49,0.3807,0.0,0.549,0.89,99.11,98.4,1.01,0.9341,0.0,4.21,0.4359,0.23,0.606,0.91,84.27,99.56,98.7,0.99,0.9298,0.0,1.56,0.4069,0.27,0.625,0.8,99.67,99.9,1.86,0.9709,0.91,4.34,0.533,0.34,0.22,98.95,98.2,0.77,0.9625,4.22,4.86,0.5892,0.388,0.26,99.43,99.6,0.65,0.927,0.0,0.13,0.4003,0.0,0.649,98.94,99.98,99.1,1.84,0.9274,0.0,2.5,0.3892,0.17,0.687,1.02,97.93,98.1,1.0,0.9249,0.0,4.12,0.4274,0.12,0.668,1.0,86.79,99.61,99.2,0.98,0.9137,0.0,0.74,0.4084,0.25,0.754,0.94,99.55,99.9,1.68,0.9541,2.21,2.98,0.6208,0.512,0.38,97.57,97.6,0.79,0.9448,4.49,4.24,0.6349,0.544,0.44,99.48,99.7,0.53,0.9428,0.0,0.0,0.3963,0.09,0.533,98.62,100.0,100.0,1.58,0.9414,0.0,0.83,0.385,0.15,0.56,0.93,99.39,99.7,0.85,0.9436,0.0,4.75,0.4217,0.15,0.537,0.92,88.01,99.78,99.2,0.81,0.9379,0.0,0.99,0.4011,0.15,0.576,0.8,99.62,99.9,1.41,0.9689,3.92,3.92,0.5338,0.368,0.28,99.23,99.4,0.58,0.9727,1.67,1.67,0.5318,0.331,0.26,99.4,99.8
1750,0.58,0.9357,0.0,0.42,0.4021,0.08,0.579,98.49,99.98,97.2,2.02,0.9503,0.0,3.29,0.3797,0.0,0.495,0.85,99.59,99.3,0.95,0.9398,0.0,4.16,0.4318,0.16,0.559,0.89,84.9,99.5,98.5,0.94,0.9363,0.0,1.97,0.4078,0.35,0.581,0.77,99.53,99.8,1.81,0.9814,0.07,3.39,0.538,0.263,0.17,99.51,99.2,0.72,0.9692,1.74,2.56,0.5975,0.34,0.22,99.23,99.7,0.63,0.9285,0.0,0.36,0.4024,0.04,0.633,98.4,99.54,70.6,1.76,0.9376,0.0,3.87,0.3893,0.17,0.593,0.99,96.9,95.7,0.97,0.9302,0.0,4.46,0.4283,0.15,0.629,0.99,87.15,99.35,98.4,0.89,0.9283,0.0,0.97,0.4099,0.31,0.648,0.89,99.36,99.9,1.6,0.9627,2.64,4.1,0.6188,0.416,0.36,96.54,95.2,0.7,0.9595,4.16,4.6,0.637,0.436,0.39,99.17,99.6,0.55,0.9416,0.0,0.0,0.3983,0.14,0.548,99.04,100.0,100.0,1.55,0.9488,0.0,3.0,0.3819,0.14,0.512,0.91,99.05,99.0,0.87,0.9426,0.0,3.08,0.4241,0.21,0.552,0.92,87.65,99.85,99.5,0.84,0.932,0.0,0.86,0.4015,0.31,0.607,0.8,99.69,100.0,1.35,0.98,3.95,3.95,0.5192,0.29,0.24,98.92,98.5,0.61,0.9673,3.74,4.39,0.529,0.358,0.26,99.48,99.7
1800,0.54,0.9418,0.0,0.21,0.3966,0.0,0.536,98.88,99.98,98.7,2.04,0.9503,0.0,4.52,0.3798,0.0,0.493,0.85,98.86,98.1,0.9,0.9449,0.0,4.61,0.4301,0.2,0.519,0.87,85.07,99.55,98.9,0.93,0.9386,0.0,1.67,0.4037,0.49,0.559,0.76,99.72,99.9,1.84,0.9779,0.48,4.66,0.527,0.28,0.17,98.76,97.8,0.69,0.9727,5.12,5.12,0.5795,0.3,0.2,99.3,99.4,0.77,0.9084,0.0,0.18,0.4058,0.03,0.771,98.18,99.95,98.1,1.81,0.9279,0.0,2.26,0.3934,0.17,0.657,0.99,99.15,98.7,1.09,0.9125,0.0,5.17,0.4319,0.12,0.752,1.02,85.81,99.46,98.6,0.99,0.9144,0.0,1.05,0.4118,0.14,0.744,0.92,99.54,99.9,1.66,0.9525,2.0,3.14,0.6428,0.483,0.36,98.94,98.4,0.81,0.9443,3.14,2.88,0.6559,0.542,0.41,99.3,99.8,0.6,0.9327,0.0,0.33,0.3967,0.09,0.598,98.9,99.98,97.7,1.59,0.9419,0.0,2.82,0.3824,0.15,0.564,0.92,99.9,99.9,0.92,0.9331,0.0,5.06,0.4218,0.2,0.599,0.93,87.34,99.8,99.3,0.84,0.9317,0.0,1.0,0.4016,0.32,0.605,0.81,99.71,99.9,1.38,0.9738,3.57,3.57,0.519,0.336,0.25,99.74,99.4,0.61,0.9663,4.14,4.14,0.5264,0.356,0.27,99.56,99.7
1850,0.73,0.9143,0.0,0.0,0.4056,0.02,0.732,96.18,100.0,100.0,2.13,0.9261,0.0,4.97,0.3802,0.0,0.633,0.88,99.08,98.4,1.1,0.9173,0.0,5.68,0.4349,0.17,0.712,0.93,83.08,99.68,99.0,1.04,0.918,0.0,1.2,0.4088,0.33,0.695,0.81,99.74,100.0,1.96,0.9509,0.56,4.98,0.5365,0.443,0.22,98.98,98.2,0.84,0.9471,2.63,2.63,0.5967,0.473,0.27,99.37,99.8,0.61,0.9327,0.0,0.26,0.4024,0.09,0.606,98.64,99.95,97.0,1.8,0.9299,0.0,3.63,0.3911,0.14,0.644,0.98,98.43,97.0,0.94,0.9333,0.0,4.36,0.429,0.15,0.609,0.96,87.23,99.62,99.1,0.9,0.9255,0.0,0.82,0.4101,0.31,0.66,0.88,99.87,100.0,1.64,0.955,1.82,3.78,0.6066,0.469,0.34,98.26,96.7,0.7,0.956,3.04,3.16,0.6228,0.451,0.36,99.61,99.8,0.68,0.9252,0.0,0.35,0.3962,0.11,0.682,97.89,99.98,97.2,1.7,0.9185,0.0,2.69,0.3855,0.12,0.706,1.0,99.68,99.4,0.98,0.9277,0.0,4.34,0.4228,0.17,0.675,1.01,87.46,99.77,99.4,0.99,0.9189,0.0,0.77,0.4008,0.23,0.743,0.93,99.64,100.0,1.55,0.9438,3.0,3.0,0.5324,0.54,0.37,99.54,99.1,0.82,0.9477,1.56,1.58,0.5396,0.559,0.42,99.41,99.9
1900,0.47,0.9501,0.0,0.41,0.3974,0.09,0.468,98.64,99.99,98.1,1.96,0.9609,0.0,4.84,0.3764,0.03,0.403,0.82,99.25,98.7,0.85,0.9519,0.0,5.61,0.4277,0.26,0.463,0.85,84.85,99.27,97.5,0.89,0.9458,0.0,2.25,0.4033,0.32,0.514,0.77,99.67,99.9,1.74,0.9922,1.01,4.64,0.5122,0.164,0.13,99.14,98.4,0.64,0.9813,2.77,2.77,0.5582,0.241,0.21,99.27,99.6,0.6,0.9337,0.0,0.27,0.4017,0.02,0.597,98.71,99.99,98.8,1.76,0.9311,0.0,2.37,0.3907,0.14,0.638,0.95,99.14,98.7,0.93,0.9341,0.0,3.68,0.4279,0.11,0.601,0.95,87.55,99.63,99.2,0.88,0.927,0.0,1.29,0.4086,0.19,0.649,0.86,99.67,99.9,1.6,0.9578,2.5,2.63,0.6043,0.456,0.31,98.98,98.4,0.68,0.9589,2.82,2.56,0.6297,0.43,0.34,99.53,99.9,0.48,0.9497,0.0,0.94,0.3931,0.15,0.48,98.83,99.98,95.4,1.5,0.953,0.0,4.1,0.3811,0.1,0.48,0.89,99.49,99.2,0.79,0.9494,0.0,5.32,0.4186,0.24,0.492,0.9,88.77,99.86,99.5,0.77,0.9429,0.0,0.65,0.3979,0.2,0.539,0.79,99.62,100.0,1.3,0.9843,3.6,4.45,0.5113,0.259,0.22,99.4,98.9,0.53,0.9787,2.02,2.02,0.5153,0.28,0.24,99.41,99.9
1950,0.6,0.9343,0.0,0.0,0.4025,0.02,0.6,97.68,100.0,100.0,2.03,0.9536,0.0,3.57,0.3781,0.03,0.478,0.84,99.66,99.3,0.97,0.939,0.0,5.42,0.4359,0.14,0.576,0.88,83.66,99.62,98.5,0.92,0.9402,0.0,1.09,0.4064,0.34,0.561,0.75,99.86,100.0,1.82,0.9846,1.21,3.59,0.5222,0.241,0.15,99.58,99.2,0.68,0.9753,2.7,2.7,0.5786,0.299,0.19,99.44,99.7,0.7,0.9198,0.0,0.0,0.4019,0.01,0.696,98.64,100.0,100.0,1.96,0.9079,0.0,3.1,0.3927,0.15,0.795,1.05,98.52,97.3,1.04,0.9189,0.0,2.76,0.4304,0.08,0.705,0.99,86.92,99.72,99.3,1.01,0.9039,0.0,1.01,0.412,0.28,0.789,0.92,99.69,99.9,1.84,0.928,2.22,3.29,0.6214,0.657,0.42,98.28,96.9,0.84,0.9306,5.14,5.14,0.6466,0.605,0.41,99.51,99.7,0.55,0.9419,0.0,0.44,0.3957,0.15,0.554,98.44,99.98,98.0,1.53,0.947,0.0,3.72,0.3834,0.12,0.533,0.92,99.42,99.5,0.85,0.9422,0.0,4.83,0.4219,0.17,0.557,0.93,88.2,99.84,99.5,0.83,0.9326,0.0,0.99,0.3997,0.15,0.612,0.83,99.88,100.0,1.35,0.9761,3.77,4.01,0.5212,0.33,0.27,99.26,99.0,0.63,0.9636,1.51,1.51,0.5357,0.392,0.3,99.68,99.9
2000,0.72,0.9154,0.0,0.18,0.4046,0.02,0.718,96.45,99.97,98.6,2.12,0.9352,0.0,5.32,0.3816,0.03,0.591,0.9,99.55,99.0,1.08,0.9208,0.0,5.93,0.4338,0.14,0.682,0.92,82.49,99.41,97.8,0.99,0.9311,0.0,2.59,0.4071,0.47,0.612,0.79,99.36,99.7,1.95,0.9603,0.41,5.08,0.5516,0.398,0.24,99.41,98.8,0.75,0.965,3.62,3.62,0.5848,0.358,0.25,98.89,99.4,0.62,0.9303,0.0,0.03,0.4048,0.0,0.624,99.06,99.98,99.8,1.81,0.919,0.0,3.01,0.3916,0.15,0.697,1.05,98.73,97.8,0.97,0.9308,0.0,3.05,0.4343,0.12,0.624,1.0,87.41,99.68,99.6,0.9,0.9251,0.0,1.64,0.4114,0.4,0.664,0.91,99.23,99.8,1.64,0.945,2.15,3.2,0.6211,0.517,0.44,98.49,97.4,0.71,0.9554,3.12,3.96,0.6303,0.455,0.42,99.08,99.5,0.56,0.9395,0.0,0.06,0.3975,0.0,0.562,98.2,99.99,99.7,1.61,0.9471,0.0,3.35,0.3833,0.16,0.535,0.93,98.26,96.7,0.84,0.9418,0.0,4.72,0.4213,0.1,0.556,0.94,88.69,99.83,99.3,0.83,0.9341,0.0,0.81,0.4013,0.26,0.611,0.84,98.77,99.8,1.42,0.9776,3.87,3.87,0.513,0.321,0.27,98.04,96.1,0.62,0.9674,4.72,4.72,0.5257,0.376,0.31,98.54,99.7
2050,0.48,0.9484,0.0,0.29,0.3974,0.01,0.484,98.21,99.97,98.3,1.98,0.9581,0.0,4.35,0.379,0.02,0.432,0.83,99.71,99.3,0.87,0.9492,0.0,4.81,0.4299,0.12,0.485,0.85,85.17,99.67,98.9,0.87,0.9445,0.0,0.97,0.4024,0.35,0.518,0.73,99.85,100.0,1.77,0.9886,0.92,4.46,0.5233,0.198,0.14,99.55,99.1,0.61,0.9797,2.72,2.72,0.5619,0.245,0.17,99.47,99.7,0.56,0.9392,0.0,0.08,0.3999,0.0,0.558,98.89,99.97,99.2,1.69,0.9418,0.0,2.47,0.3893,0.15,0.565,0.94,99.08,98.6,0.89,0.9397,0.0,4.59,0.4259,0.05,0.56,0.93,87.56,99.55,99.3,0.82,0.9372,0.0,0.33,0.4068,0.07,0.585,0.83,99.59,100.0,1.53,0.9674,3.32,3.32,0.5988,0.38,0.29,98.85,98.2,0.6,0.9705,2.9,2.65,0.6089,0.353,0.3,99.52,99.9,0.53,0.9442,0.0,0.0,0.3963,0.03,0.527,98.42,100.0,100.0,1.47,0.9541,0.0,1.57,0.3823,0.15,0.474,0.89,98.39,99.2,0.8,0.9466,0.0,4.0,0.4187,0.07,0.52,0.91,88.85,99.88,99.7,0.76,0.9435,0.0,1.21,0.4006,0.16,0.537,0.78,99.11,99.8,1.27,0.9838,3.33,3.33,0.5079,0.256,0.22,98.22,98.8,0.52,0.9781,1.46,2.48,0.5163,0.288,0.23,98.88,99.8
2100,0.44,0.9538,0.0,0.85,0.3948,0.01,0.438,98.55,99.98,93.3,1.92,0.9625,0.0,4.98,0.3768,0.04,0.396,0.81,99.59,99.1,0.82,0.9552,0.0,3.57,0.4263,0.26,0.434,0.84,85.6,99.52,98.8,0.84,0.95,0.0,0.74,0.4013,0.32,0.474,0.72,99.86,100.0,1.69,0.9944,1.92,5.14,0.506,0.14,0.11,99.4,98.8,0.58,0.986,2.72,2.72,0.5504,0.188,0.14,99.51,99.7,0.65,0.9237,0.0,0.62,0.399,0.0,0.654,99.25,99.61,73.2,1.68,0.9365,0.0,4.26,0.3888,0.14,0.601,1.01,97.37,95.2,0.96,0.9268,0.0,2.48,0.4251,0.05,0.638,1.0,87.53,99.35,99.1,0.88,0.9278,0.0,1.02,0.4065,0.31,0.642,0.88,99.29,99.9,1.5,0.9651,3.91,4.48,0.5996,0.403,0.37,96.92,94.5,0.68,0.9609,3.88,3.88,0.6065,0.422,0.37,99.08,99.7,0.53,0.9431,0.0,0.0,0.3961,0.14,0.533,98.43,100.0,100.0,1.51,0.9486,0.0,3.09,0.3806,0.14,0.52,0.89,99.17,99.1,0.81,0.9453,0.0,2.93,0.4182,0.16,0.527,0.9,89.16,99.83,99.7,0.76,0.9416,0.0,0.89,0.3995,0.24,0.545,0.77,99.79,100.0,1.31,0.9794,3.56,3.56,0.5034,0.296,0.21,99.04,98.5,0.52,0.977,2.85,2.85,0.512,0.287,0.22,99.64,99.9
2150,0.53,0.9433,0.0,0.0,0.3971,0.04,0.526,98.54,100.0,100.0,1.97,0.9551,0.0,4.78,0.3789,0.02,0.459,0.85,99.76,99.3,0.9,0.9459,0.0,3.5,0.4289,0.14,0.511,0.87,85.69,99.75,99.2,0.9,0.9385,0.0,1.63,0.4016,0.32,0.557,0.76,99.69,99.9,1.76,0.9851,0.79,4.67,0.5204,0.228,0.18,99.68,99.3,0.67,0.972,1.81,1.81,0.5546,0.313,0.22,99.29,99.7,0.65,0.9252,0.0,0.2,0.3985,0.0,0.655,98.19,99.92,97.0,1.7,0.936,0.0,3.28,0.3877,0.14,0.602,0.95,97.82,96.8,0.97,0.9267,0.0,3.65,0.4234,0.07,0.646,0.96,87.23,99.35,99.3,0.9,0.921,0.0,1.03,0.4054,0.26,0.685,0.86,99.26,99.9,1.53,0.9599,2.58,3.56,0.5961,0.42,0.31,97.6,96.4,0.71,0.949,3.96,4.39,0.6031,0.479,0.34,99.13,99.7,0.52,0.9452,0.0,0.67,0.3961,0.11,0.524,98.67,98.86,-1.3,1.49,0.9497,0.0,3.56,0.3827,0.14,0.515,0.9,99.34,99.1,0.79,0.9474,0.0,2.99,0.4188,0.14,0.518,0.91,89.51,99.14,98.6,0.78,0.9415,0.0,2.24,0.4001,0.19,0.555,0.8,97.84,99.3,1.3,0.9801,3.75,4.05,0.5075,0.303,0.25,99.13,98.5,0.55,0.9761,1.64,2.4,0.5146,0.312,0.26,97.55,99.2
2200,0.42,0.955,0.0,0.53,0.3962,0.11,0.425,98.91,99.97,95.5,1.91,0.9625,0.0,4.57,0.3776,0.03,0.39,0.82,99.83,99.4,0.81,0.9555,0.0,5.3,0.4247,0.26,0.43,0.82,85.44,99.48,98.4,0.83,0.9498,0.0,1.37,0.4025,0.34,0.476,0.71,99.74,99.9,1.68,0.9946,1.52,4.55,0.5125,0.139,0.12,99.69,99.3,0.56,0.9857,2.95,2.95,0.5446,0.19,0.14,99.38,99.7,0.54,0.9421,0.0,0.64,0.3976,0.0,0.541,99.34,99.97,96.7,1.66,0.9455,0.0,1.78,0.3865,0.14,0.544,0.93,99.07,99.1,0.87,0.9423,0.0,2.35,0.4225,0.05,0.544,0.92,88.12,99.49,99.5,0.82,0.9358,0.0,0.84,0.4045,0.29,0.592,0.82,99.35,99.9,1.48,0.9733,2.69,2.69,0.5804,0.347,0.27,98.8,98.7,0.6,0.9694,4.96,4.96,0.5909,0.356,0.29,99.25,99.7,0.5,0.9492,0.0,0.64,0.3928,0.15,0.5,98.83,99.93,93.6,1.54,0.9477,0.0,3.83,0.3816,0.15,0.535,0.94,94.65,90.8,0.78,0.9498,0.0,3.31,0.4171,0.17,0.505,0.9,89.43,99.65,99.3,0.75,0.9447,0.0,1.62,0.3977,0.2,0.536,0.78,99.08,99.9,1.36,0.9765,3.69,3.93,0.5077,0.332,0.28,94.32,90.2,0.51,0.9807,2.73,2.77,0.51,0.282,0.24,98.91,99.8
2250,0.58,0.9358,0.0,0.93,0.3969,0.1,0.582,98.06,99.97,92.8,2.02,0.9535,0.0,5.01,0.3779,0.04,0.473,0.84,99.56,99.1,0.94,0.9404,0.0,5.08,0.4279,0.21,0.555,0.87,85.02,99.59,98.3,0.9,0.9404,0.0,0.93,0.4009,0.35,0.551,0.75,99.84,100.0,1.8,0.9846,2.02,5.11,0.5162,0.232,0.14,99.42,98.8,0.65,0.9755,2.84,2.84,0.5489,0.283,0.18,99.52,99.7,0.7,0.9181,0.0,0.0,0.4018,0.09,0.704,98.57,100.0,100.0,1.8,0.911,0.0,3.04,0.3901,0.13,0.752,1.04,97.96,97.2,1.0,0.9202,0.0,2.8,0.4263,0.14,0.69,1.0,87.61,99.63,99.4,0.93,0.9165,0.0,0.97,0.408,0.27,0.709,0.89,99.6,99.9,1.66,0.9304,3.89,3.89,0.6129,0.602,0.42,97.81,96.6,0.75,0.9444,4.88,4.88,0.615,0.508,0.38,99.41,99.7,0.48,0.9497,0.0,0.49,0.3935,0.1,0.481,98.62,99.96,95.1,1.41,0.9558,0.0,4.07,0.3817,0.11,0.452,0.87,99.71,99.7,0.75,0.9505,0.0,2.89,0.4165,0.1,0.483,0.89,89.86,99.78,99.6,0.71,0.9467,0.0,0.94,0.3972,0.17,0.504,0.76,99.86,100.0,1.2,0.9863,3.74,4.48,0.5042,0.227,0.19,99.6,99.3,0.46,0.9829,1.36,1.1,0.5096,0.236,0.2,99.64,99.9
2300,0.45,0.952,0.0,0.62,0.3955,0.16,0.446,98.94,99.98,96.3,1.95,0.9606,0.0,5.6,0.3784,0.07,0.411,0.83,98.3,98.5,0.83,0.9525,0.0,4.2,0.4251,0.29,0.45,0.83,86.01,99.67,99.0,0.83,0.9484,0.0,0.67,0.4009,0.39,0.483,0.72,99.87,100.0,1.74,0.9899,1.25,5.06,0.513,0.18,0.14,98.15,98.3,0.57,0.9843,3.0,3.0,0.5466,0.2,0.15,99.41,99.7,0.56,0.939,0.0,0.13,0.4021,0.0,0.559,98.88,99.99,99.4,1.72,0.9367,0.0,2.91,0.3905,0.15,0.605,0.96,97.81,97.0,0.88,0.9395,0.0,2.36,0.4255,0.04,0.561,0.93,87.59,99.51,99.4,0.85,0.9309,0.0,0.94,0.4086,0.29,0.623,0.85,99.62,99.9,1.56,0.9634,3.22,3.22,0.5925,0.423,0.32,97.66,96.5,0.64,0.963,5.09,5.09,0.6006,0.398,0.32,99.47,99.6,0.52,0.9462,0.0,0.22,0.3958,0.04,0.518,98.55,99.97,98.0,1.43,0.9537,0.0,4.22,0.3817,0.08,0.486,0.88,99.77,99.7,0.78,0.9483,0.0,1.87,0.4171,0.04,0.509,0.9,89.58,99.88,99.9,0.73,0.9449,0.0,1.09,0.3992,0.31,0.528,0.77,99.75,99.9,1.24,0.9842,3.15,5.12,0.5012,0.271,0.22,99.67,99.4,0.5,0.9806,4.87,4.87,0.5128,0.278,0.22,99.55,99.7
2350,0.62,0.9289,0.0,1.29,0.4007,0.12,0.615,98.61,99.96,92.2,2.04,0.9376,0.0,5.29,0.3803,0.09,0.572,0.87,99.67,99.2,0.97,0.9315,0.0,5.32,0.4299,0.23,0.603,0.9,85.69,99.63,98.8,0.93,0.9314,0.0,1.29,0.4052,0.35,0.598,0.78,99.86,100.0,1.87,0.9628,3.66,6.19,0.5285,0.38,0.21,99.54,98.9,0.73,0.9604,3.18,3.18,0.5607,0.376,0.23,99.41,99.7,0.54,0.9426,0.0,0.03,0.4013,0.0,0.538,98.67,99.99,99.9,1.63,0.9482,0.0,2.22,0.3886,0.16,0.528,0.92,98.69,98.5,0.85,0.9441,0.0,2.37,0.4258,0.04,0.532,0.91,87.81,99.49,99.2,0.79,0.9404,0.0,0.89,0.4079,0.31,0.561,0.81,99.47,99.9,1.45,0.9763,2.81,2.81,0.5741,0.323,0.27,98.58,98.0,0.57,0.9735,5.05,5.05,0.5884,0.324,0.27,99.28,99.6,0.47,0.9508,0.0,0.53,0.3935,0.04,0.47,98.61,99.98,96.3,1.46,0.9435,0.0,3.05,0.3826,0.13,0.533,0.88,99.86,99.9,0.75,0.9507,0.0,3.76,0.4182,0.09,0.477,0.88,89.81,99.75,99.4,0.73,0.9439,0.0,1.03,0.3986,0.16,0.524,0.77,99.8,100.0,1.26,0.9728,3.42,3.55,0.5076,0.318,0.21,99.68,99.5,0.48,0.9797,2.48,2.48,0.5158,0.257,0.21,99.62,99.9
2400,0.44,0.9532,0.0,0.0,0.3976,0.11,0.443,98.85,100.0,100.0,1.89,0.9625,0.0,4.91,0.3788,0.04,0.394,0.81,99.79,99.4,0.82,0.9543,0.0,4.36,0.4264,0.17,0.441,0.83,85.75,99.72,99.2,0.81,0.9502,0.0,1.11,0.4028,0.35,0.473,0.71,99.84,100.0,1.67,0.9938,2.29,5.83,0.515,0.147,0.11,99.69,99.3,0.55,0.9861,2.75,2.75,0.5462,0.191,0.14,99.48,99.7,0.67,0.9278,0.0,0.42,0.398,0.0,0.671,98.42,99.93,93.5,1.62,0.9466,0.0,2.31,0.3881,0.12,0.565,0.97,99.3,99.0,0.97,0.9302,0.0,3.71,0.4227,0.07,0.662,0.99,87.37,99.55,99.3,0.92,0.9239,0.0,1.5,0.4068,0.22,0.702,0.9,99.38,99.9,1.44,0.9763,3.94,3.94,0.5842,0.364,0.32,99.14,98.5,0.73,0.9551,5.12,5.12,0.5905,0.498,0.39,99.27,99.6,0.49,0.9487,0.0,0.46,0.3959,0.12,0.488,98.73,99.99,97.9,1.41,0.9534,0.0,3.12,0.3823,0.13,0.475,0.88,99.92,99.8,0.75,0.9501,0.0,2.56,0.4167,0.15,0.485,0.89,90.15,99.79,99.6,0.71,0.9481,0.0,1.42,0.3995,0.15,0.495,0.75,99.61,99.9,1.2,0.9847,3.74,3.74,0.5018,0.246,0.2,99.8,99.5,0.46,0.9841,1.79,1.79,0.5075,0.225,0.19,99.43,99.9
2450,0.45,0.9528,0.0,0.15,0.3973,0.05,0.447,98.53,99.98,99.1,1.9,0.9618,0.0,4.87,0.3789,0.07,0.399,0.81,99.72,99.2,0.82,0.9545,0.0,4.47,0.4244,0.17,0.443,0.83,85.49,99.64,98.9,0.81,0.9495,0.0,0.15,0.4028,0.35,0.477,0.71,99.99,100.0,1.67,0.9934,1.57,5.68,0.5147,0.147,0.11,99.59,99.0,0.55,0.9853,3.03,3.03,0.5471,0.192,0.14,99.58,99.7,0.57,0.9388,0.0,0.0,0.3988,0.0,0.571,98.24,100.0,100.0,1.61,0.9488,0.0,2.35,0.3868,0.15,0.522,0.91,98.99,98.4,0.88,0.9401,0.0,2.14,0.4238,0.07,0.565,0.93,87.35,99.63,99.7,0.82,0.9359,0.0,0.55,0.4048,0.27,0.594,0.82,99.8,100.0,1.42,0.9777,2.84,2.84,0.5721,0.314,0.26,98.82,98.0,0.6,0.9692,3.03,2.78,0.5904,0.358,0.29,99.59,99.9,0.53,0.9442,0.0,0.31,0.394,0.1,0.528,98.24,99.99,98.6,1.43,0.9497,0.0,2.53,0.3836,0.08,0.511,0.89,99.95,99.9,0.8,0.9453,0.0,2.48,0.4185,0.11,0.529,0.91,89.35,99.96,99.9,0.75,0.9417,0.0,1.19,0.3983,0.24,0.546,0.78,99.84,99.9,1.25,0.9793,3.87,3.87,0.5102,0.305,0.23,99.84,99.7,0.51,0.9769,2.61,2.61,0.5142,0.291,0.22,99.66,99.9
2500,0.42,0.9551,0.0,0.63,0.3951,0.0,0.425,98.51,99.97,94.1,1.85,0.9633,0.0,4.1,0.3789,0.12,0.38,0.81,99.47,99.0,0.81,0.9561,0.0,4.96,0.4249,0.13,0.423,0.83,85.25,99.65,98.9,0.8,0.9513,0.0,0.63,0.4011,0.54,0.464,0.71,99.79,100.0,1.62,0.9953,2.15,4.78,0.5192,0.122,0.1,99.38,98.7,0.53,0.9874,4.21,4.21,0.5458,0.176,0.14,99.42,99.5,0.68,0.9264,0.0,0.99,0.3992,0.01,0.682,98.49,99.5,51.0,1.73,0.9346,0.0,1.07,0.3882,0.1,0.63,1.01,99.41,99.6,0.99,0.9298,0.0,3.19,0.4232,0.05,0.666,1.0,87.89,99.28,98.8,0.92,0.9265,0.0,1.13,0.4072,0.31,0.691,0.9,99.35,99.9,1.57,0.9604,3.16,3.16,0.5717,0.454,0.37,99.31,99.2,0.73,0.9572,5.13,5.13,0.5886,0.491,0.39,99.14,99.5,0.61,0.9319,0.0,0.0,0.3991,0.11,0.613,98.49,100.0,100.0,1.53,0.9356,0.0,3.15,0.3835,0.11,0.594,0.91,99.67,99.5,0.85,0.9363,0.0,2.24,0.4204,0.14,0.587,0.93,90.03,99.92,99.8,0.79,0.9349,0.0,1.39,0.4019,0.21,0.589,0.79,99.66,99.9,1.34,0.964,3.57,3.57,0.5103,0.389,0.24,99.49,99.2,0.57,0.9678,1.48,2.32,0.5219,0.349,0.25,99.44,99.8
2550,0.42,0.9554,0.0,0.51,0.3942,0.01,0.421,98.78,99.98,97.1,1.85,0.9626,0.0,3.53,0.3802,0.09,0.384,0.81,99.66,99.3,0.79,0.9566,0.0,4.89,0.4242,0.15,0.42,0.82,86.1,99.56,98.6,0.79,0.9511,0.0,0.64,0.4009,0.36,0.458,0.71,99.9,100.0,1.62,0.9944,1.94,4.2,0.5266,0.127,0.1,99.54,99.1,0.51,0.9875,2.68,2.68,0.5467,0.163,0.12,99.52,99.7,0.53,0.9436,0.0,0.05,0.397,0.0,0.527,98.69,99.99,99.8,1.62,0.9523,0.0,3.37,0.3859,0.15,0.494,0.91,97.7,96.0,0.84,0.9447,0.0,2.49,0.422,0.07,0.525,0.91,88.26,99.58,99.7,0.78,0.9401,0.0,0.68,0.4035,0.31,0.561,0.81,99.68,100.0,1.42,0.9816,3.18,3.56,0.5702,0.284,0.25,97.53,95.5,0.55,0.9747,4.77,4.88,0.5813,0.314,0.27,99.51,99.7,0.46,0.9517,0.0,0.46,0.3952,0.07,0.461,98.87,99.97,96.7,1.41,0.9571,0.0,3.14,0.3824,0.11,0.457,0.87,99.2,99.0,0.73,0.9518,0.0,0.98,0.4157,0.07,0.469,0.88,90.36,99.79,99.8,0.71,0.9447,0.0,1.5,0.3995,0.31,0.513,0.76,99.32,99.9,1.2,0.9892,3.4,3.65,0.4976,0.222,0.19,98.99,98.6,0.46,0.981,5.05,5.05,0.5029,0.239,0.2,99.14,99.7
2600,0.43,0.9544,0.0,0.32,0.3947,0.1,0.435,98.61,99.98,97.7,1.84,0.9633,0.0,3.63,0.3801,0.09,0.38,0.8,99.66,99.3,0.81,0.9559,0.0,4.95,0.4252,0.21,0.432,0.82,85.71,99.63,98.6,0.79,0.9504,0.0,0.5,0.4008,0.39,0.466,0.71,99.91,100.0,1.61,0.9948,1.74,4.2,0.5237,0.124,0.1,99.56,99.1,0.52,0.9863,2.85,2.85,0.5451,0.177,0.13,99.51,99.7,0.52,0.9462,0.0,0.8,0.3985,0.09,0.516,98.85,99.96,92.8,1.67,0.9436,0.0,3.49,0.3856,0.15,0.588,0.96,97.86,96.1,0.83,0.9462,0.0,2.97,0.4217,0.19,0.52,0.92,88.51,99.54,99.4,0.81,0.9398,0.0,1.53,0.4055,0.31,0.577,0.83,99.4,99.8,1.49,0.9724,2.98,3.72,0.5669,0.392,0.32,97.59,95.6,0.6,0.9731,3.1,3.76,0.5813,0.347,0.3,99.25,99.6,0.47,0.9512,0.0,0.7,0.3945,0.12,0.468,98.83,99.97,93.6,1.35,0.9582,0.0,2.24,0.3832,0.13,0.435,0.85,99.6,99.6,0.72,0.9529,0.0,2.36,0.4152,0.15,0.463,0.88,90.26,99.83,99.8,0.68,0.95,0.0,1.0,0.3989,0.2,0.481,0.74,99.79,100.0,1.13,0.9899,3.86,3.86,0.4997,0.195,0.17,99.39,99.1,0.42,0.9862,2.73,2.73,0.502,0.206,0.18,99.64,99.9
2650,0.42,0.9555,0.0,0.43,0.3947,0.03,0.418,98.57,99.96,95.3,1.83,0.9603,0.0,3.2,0.3809,0.07,0.411,0.82,99.64,99.5,0.79,0.9568,0.0,5.13,0.4254,0.1,0.418,0.82,85.82,99.62,98.6,0.79,0.9506,0.0,0.49,0.4019,0.35,0.467,0.71,99.88,100.0,1.62,0.9909,1.62,4.17,0.5291,0.169,0.11,99.51,99.3,0.52,0.9864,2.86,2.86,0.5499,0.176,0.13,99.55,99.8,0.73,0.9174,0.0,0.0,0.3993,0.0,0.732,98.36,100.0,100.0,1.78,0.923,0.0,2.36,0.387,0.1,0.736,1.05,99.36,99.2,1.01,0.9225,0.0,3.1,0.4237,0.04,0.7,1.0,87.8,99.65,99.5,0.95,0.9186,0.0,0.7,0.4051,0.24,0.732,0.91,99.77,100.0,1.64,0.9445,3.48,3.48,0.5921,0.585,0.42,99.2,98.8,0.78,0.9466,4.22,4.22,0.6003,0.544,0.39,99.61,99.8,0.45,0.9526,0.0,0.77,0.3951,0.11,0.452,98.9,99.98,95.6,1.38,0.9581,0.0,3.03,0.3823,0.12,0.441,0.85,99.59,99.5,0.71,0.9539,0.0,1.4,0.4154,0.13,0.451,0.87,90.36,99.91,99.8,0.68,0.95,0.0,1.44,0.3991,0.32,0.479,0.75,99.28,99.8,1.16,0.989,3.65,3.65,0.497,0.208,0.17,99.46,99.1,0.42,0.9864,4.22,4.22,0.5027,0.202,0.18,99.06,99.7
2700,0.44,0.952,0.0,0.25,0.3961,0.02,0.445,98.65,99.99,98.9,1.83,0.9627,0.0,4.75,0.3808,0.11,0.39,0.81,99.44,99.0,0.81,0.9536,0.0,4.16,0.4256,0.12,0.441,0.83,85.72,99.65,98.8,0.79,0.9491,0.0,0.49,0.4021,0.33,0.475,0.71,99.96,100.0,1.6,0.9941,3.16,5.09,0.5279,0.137,0.1,99.36,98.7,0.53,0.9844,2.86,2.86,0.5565,0.19,0.13,99.58,99.7,0.55,0.9414,0.0,0.0,0.399,0.0,0.547,98.97,100.0,100.0,1.59,0.949,0.0,2.42,0.3874,0.16,0.517,0.91,98.1,97.6,0.85,0.9425,0.0,2.3,0.4234,0.07,0.542,0.92,88.42,99.89,99.8,0.8,0.9378,0.0,0.82,0.4054,0.23,0.578,0.81,99.72,99.9,1.39,0.9788,3.44,3.44,0.5681,0.301,0.24,97.97,97.2,0.57,0.9724,4.54,4.54,0.5759,0.333,0.27,99.59,99.7,0.68,0.9217,0.0,0.5,0.3964,0.08,0.677,98.53,99.46,68.0,1.58,0.9219,0.0,2.16,0.3869,0.13,0.667,0.96,99.22,99.8,0.9,0.9277,0.0,1.38,0.4189,0.1,0.639,0.97,89.97,99.43,99.6,0.83,0.9235,0.0,1.07,0.4002,0.32,0.654,0.84,99.05,99.9,1.43,0.9426,3.56,3.56,0.5246,0.505,0.32,98.92,99.4,0.64,0.9513,4.11,4.11,0.527,0.451,0.31,98.81,99.6
2750,0.46,0.9513,0.0,0.48,0.3948,0.09,0.457,98.92,99.98,96.0,1.72,0.9602,0.0,3.11,0.3813,0.12,0.404,0.83,99.34,99.2,0.82,0.9541,0.0,4.85,0.4247,0.17,0.444,0.85,85.8,99.56,98.4,0.82,0.9481,0.0,0.48,0.4019,0.47,0.488,0.73,99.98,100.0,1.5,0.9923,2.25,4.49,0.535,0.152,0.13,99.14,98.8,0.56,0.984,3.81,4.06,0.5528,0.21,0.17,99.49,99.7,0.78,0.906,0.0,0.15,0.4022,0.0,0.781,97.4,99.83,94.5,1.68,0.9251,0.0,2.96,0.3872,0.12,0.664,1.07,99.12,98.7,1.07,0.9111,0.0,3.6,0.4246,0.04,0.745,1.09,86.42,99.31,98.9,1.0,0.9056,0.0,1.28,0.4064,0.15,0.781,0.99,99.02,99.8,1.51,0.9512,3.78,3.78,0.5867,0.48,0.45,98.98,98.2,0.82,0.9328,1.62,1.52,0.6078,0.591,0.51,98.85,99.8,0.48,0.9497,0.0,0.35,0.3967,0.04,0.48,98.9,99.99,98.4,1.55,0.9528,0.0,6.07,0.3828,0.16,0.504,0.92,89.37,69.2,0.74,0.9509,0.0,3.12,0.4183,0.1,0.48,0.89,89.91,99.9,99.8,0.73,0.9462,0.0,1.18,0.3995,0.31,0.515,0.77,99.39,99.9,1.37,0.9817,4.79,6.05,0.5006,0.299,0.27,88.92,68.0,0.49,0.982,3.63,3.63,0.5068,0.253,0.22,99.24,99.8
2800,0.67,0.9214,0.0,0.07,0.3999,0.04,0.675,97.86,99.99,99.7,1.86,0.9287,0.0,1.94,0.3844,0.03,0.617,0.89,99.63,99.6,1.02,0.9263,0.0,4.87,0.4293,0.19,0.65,0.91,84.37,99.75,98.9,0.95,0.9251,0.0,0.61,0.4046,0.47,0.643,0.78,99.87,100.0,1.69,0.9522,1.32,2.91,0.5567,0.426,0.23,99.49,99.3,0.75,0.9508,5.03,5.03,0.5777,0.428,0.23,99.47,99.5,0.53,0.9438,0.0,0.0,0.4001,0.0,0.534,98.62,100.0,100.0,1.58,0.951,0.0,1.77,0.3875,0.13,0.508,0.92,99.39,99.4,0.84,0.9447,0.0,3.19,0.4227,0.07,0.535,0.92,87.98,99.56,99.0,0.8,0.9392,0.0,1.13,0.4065,0.31,0.578,0.83,99.54,99.9,1.39,0.9803,3.76,3.76,0.5743,0.298,0.27,99.16,98.9,0.58,0.9734,4.61,4.61,0.5841,0.34,0.3,99.3,99.6,0.46,0.952,0.0,0.91,0.3928,0.05,0.459,98.61,99.98,93.7,1.38,0.9581,0.0,3.13,0.3824,0.11,0.447,0.87,99.89,99.8,0.71,0.9534,0.0,0.81,0.4151,0.07,0.461,0.88,90.4,99.98,100.0,0.68,0.9505,0.0,0.91,0.3966,0.29,0.478,0.74,99.84,100.0,1.17,0.9899,3.9,3.9,0.4974,0.216,0.18,99.74,99.4,0.42,0.9874,4.89,4.89,0.5008,0.204,0.18,99.64,99.8
2850,0.43,0.9546,0.0,0.62,0.3941,0.03,0.432,98.29,99.98,95.1,1.9,0.9504,0.0,4.18,0.385,0.11,0.482,0.86,99.71,99.5,0.8,0.9558,0.0,4.28,0.4242,0.21,0.433,0.86,85.56,99.5,98.2,0.82,0.9487,0.0,0.45,0.4008,0.33,0.488,0.75,99.97,100.0,1.71,0.9793,2.76,5.14,0.5408,0.264,0.19,99.54,99.2,0.57,0.9839,2.52,2.52,0.546,0.221,0.21,99.61,99.8,0.55,0.941,0.0,0.25,0.4003,0.0,0.548,98.53,99.99,98.9,1.63,0.9372,0.0,2.01,0.3892,0.12,0.584,0.95,98.93,98.8,0.84,0.9427,0.0,2.54,0.4239,0.04,0.541,0.92,88.54,99.68,99.7,0.8,0.9383,0.0,1.1,0.406,0.16,0.574,0.81,99.62,99.9,1.45,0.9638,3.79,3.79,0.5722,0.389,0.31,98.7,98.3,0.58,0.9717,3.05,2.8,0.5952,0.336,0.28,99.46,99.9,0.46,0.9512,0.0,0.37,0.3946,0.08,0.463,98.89,99.86,92.5,1.39,0.9558,0.0,2.71,0.3813,0.11,0.453,0.86,99.9,99.9,0.72,0.9525,0.0,2.28,0.4141,0.09,0.464,0.88,90.25,99.79,99.8,0.69,0.9485,0.0,1.19,0.3989,0.29,0.487,0.75,99.66,99.9,1.18,0.9871,3.87,3.87,0.4939,0.218,0.18,99.68,99.4,0.43,0.985,3.3,3.3,0.5017,0.212,0.19,99.47,99.8
2900,0.41,0.9566,0.0,0.44,0.3939,0.02,0.413,98.81,99.99,98.0,1.75,0.9605,0.0,3.05,0.3821,0.12,0.412,0.82,99.41,99.4,0.79,0.9576,0.0,3.73,0.4244,0.1,0.415,0.83,85.86,99.64,98.9,0.76,0.953,0.0,0.44,0.4018,0.49,0.452,0.71,99.9,100.0,1.53,0.9913,1.45,3.76,0.5333,0.17,0.13,99.25,99.1,0.5,0.989,4.91,4.91,0.546,0.167,0.14,99.42,99.6,0.53,0.9425,0.0,0.09,0.3975,0.0,0.531,98.99,99.99,99.6,1.63,0.9481,0.0,3.16,0.3856,0.15,0.523,0.91,98.18,97.0,0.84,0.9432,0.0,2.93,0.4214,0.05,0.53,0.91,88.47,99.86,99.6,0.79,0.9363,0.0,0.78,0.4045,0.26,0.578,0.81,99.75,100.0,1.44,0.9774,2.77,3.44,0.563,0.313,0.25,97.91,96.5,0.56,0.9707,5.07,5.07,0.5811,0.332,0.27,99.62,99.7,0.44,0.9537,0.0,0.59,0.3947,0.07,0.441,98.9,99.97,94.6,1.35,0.9584,0.0,2.32,0.3835,0.1,0.429,0.85,99.9,99.9,0.7,0.9546,0.0,2.19,0.4157,0.09,0.446,0.87,90.81,99.91,99.9,0.67,0.9501,0.0,1.27,0.3988,0.25,0.472,0.74,99.66,99.9,1.14,0.9897,2.65,2.86,0.4991,0.192,0.17,99.81,99.7,0.41,0.9865,3.26,3.26,0.5004,0.193,0.18,99.48,99.8
2950,0.43,0.9556,0.0,0.61,0.396,0.05,0.428,98.57,99.97,95.6,1.74,0.9574,0.0,3.68,0.3823,0.14,0.427,0.83,99.12,98.7,0.8,0.9553,0.0,4.18,0.4254,0.15,0.436,0.82,85.88,99.71,98.9,0.78,0.9495,0.0,0.61,0.4032,0.36,0.477,0.71,99.64,99.9,1.53,0.9875,2.2,4.51,0.537,0.188,0.13,98.93,98.2,0.51,0.9852,2.6,2.6,0.5457,0.186,0.13,99.24,99.7,0.54,0.9417,0.0,0.0,0.3988,0.0,0.537,98.5,100.0,100.0,1.58,0.9521,0.0,2.74,0.3864,0.14,0.497,0.92,98.12,97.3,0.83,0.9437,0.0,1.34,0.4222,0.04,0.527,0.91,88.39,99.83,99.9,0.78,0.9394,0.0,0.81,0.4045,0.29,0.563,0.8,99.76,100.0,1.4,0.98,2.47,3.01,0.5587,0.29,0.26,97.95,97.0,0.55,0.9735,2.99,2.74,0.5718,0.318,0.26,99.58,99.8,0.45,0.9525,0.0,0.7,0.3926,0.0,0.451,98.98,99.99,96.8,1.33,0.9586,0.0,2.98,0.383,0.14,0.43,0.86,99.88,99.9,0.7,0.9546,0.0,0.55,0.4141,0.02,0.447,0.87,90.7,99.81,99.9,0.66,0.951,0.0,0.84,0.3965,0.32,0.471,0.74,99.79,99.9,1.11,0.99,3.83,3.83,0.4962,0.189,0.17,99.73,99.4,0.4,0.9876,4.2,4.2,0.4982,0.193,0.17,99.63,99.7
3000,0.39,0.9589,0.0,0.62,0.3928,0.12,0.387,98.97,99.98,94.7,1.69,0.9621,0.0,2.7,0.3814,0.16,0.397,0.81,99.24,99.1,0.75,0.96,0.0,4.65,0.4224,0.26,0.387,0.81,86.43,99.64,98.6,0.75,0.9546,0.0,0.62,0.4,0.49,0.435,0.7,99.84,100.0,1.46,0.9945,1.09,4.02,0.5261,0.133,0.1,99.13,98.8,0.47,0.9911,2.8,2.8,0.5356,0.133,0.11,99.47,99.6,0.51,0.9461,0.0,0.44,0.399,0.0,0.508,98.55,99.99,98.0,1.55,0.9513,0.0,2.0,0.3864,0.11,0.507,0.92,99.08,99.1,0.81,0.947,0.0,2.38,0.4214,0.07,0.507,0.9,88.43,99.56,99.3,0.75,0.9437,0.0,1.07,0.4048,0.14,0.536,0.79,99.53,99.9,1.36,0.9806,3.92,3.92,0.5634,0.301,0.26,98.91,98.7,0.52,0.9781,2.88,2.63,0.569,0.287,0.25,99.38,99.9,0.47,0.9497,0.0,0.59,0.3956,0.05,0.473,98.78,99.98,96.8,1.35,0.9572,0.0,3.28,0.3836,0.12,0.437,0.86,99.84,99.8,0.71,0.9524,0.0,2.0,0.4153,0.08,0.465,0.89,91.1,99.88,99.9,0.68,0.9487,0.0,2.47,0.3988,0.15,0.486,0.74,99.64,99.8,1.13,0.9893,3.62,3.76,0.4983,0.195,0.18,99.65,99.3,0.43,0.9851,1.49,2.59,0.503,0.214,0.18,99.44,99.8
3050,0.4,0.957,0.0,0.62,0.3938,0.05,0.404,98.86,99.97,94.3,1.67,0.9626,0.0,2.45,0.3822,0.08,0.385,0.81,99.67,99.7,0.76,0.9582,0.0,4.37,0.4231,0.16,0.403,0.81,86.34,99.68,98.8,0.76,0.9523,0.0,0.55,0.4007,0.49,0.455,0.7,99.97,100.0,1.44,0.9943,1.66,3.56,0.5271,0.126,0.1,99.55,99.5,0.49,0.9885,2.8,2.8,0.5411,0.155,0.12,99.5,99.7,,,,,,,,,,,,,,,,,,,,,,,,,,,,,,,,,,,,,,,,,,,,,,,,,,,,,,,,,,,,,,,,,,,,,,,,,,,,,,,,,,,,,,,,,,,,,,,,,,,,,,,,,,,,,,,,,,,,,,
3100,0.41,0.9557,0.0,0.5,0.3939,0.05,0.413,98.73,99.99,97.7,1.68,0.9587,0.0,2.23,0.3823,0.13,0.42,0.83,99.4,99.4,0.78,0.9571,0.0,3.45,0.4226,0.13,0.411,0.82,86.09,99.8,99.4,0.75,0.9522,0.0,0.5,0.3997,0.46,0.452,0.7,99.98,100.0,1.45,0.9908,1.62,3.23,0.5307,0.172,0.12,99.28,99.1,0.48,0.9885,3.49,3.49,0.5337,0.154,0.12,99.48,99.7,,,,,,,,,,,,,,,,,,,,,,,,,,,,,,,,,,,,,,,,,,,,,,,,,,,,,,,,,,,,,,,,,,,,,,,,,,,,,,,,,,,,,,,,,,,,,,,,,,,,,,,,,,,,,,,,,,,,,,
3150,0.44,0.9542,0.0,0.63,0.3945,0.01,0.436,98.79,99.97,95.0,1.64,0.9615,0.0,2.04,0.3827,0.13,0.395,0.81,99.58,99.6,0.79,0.9568,0.0,3.57,0.4228,0.12,0.425,0.82,86.39,99.71,98.9,0.76,0.9522,0.0,0.63,0.4003,0.34,0.454,0.7,99.98,100.0,1.41,0.9931,2.31,3.29,0.5361,0.14,0.11,99.42,99.3,0.48,0.9884,2.38,2.38,0.5399,0.155,0.12,99.59,99.8,,,,,,,,,,,,,,,,,,,,,,,,,,,,,,,,,,,,,,,,,,,,,,,,,,,,,,,,,,,,,,,,,,,,,,,,,,,,,,,,,,,,,,,,,,,,,,,,,,,,,,,,,,,,,,,,,,,,,,
3200,0.41,0.9561,0.0,0.34,0.3957,0.01,0.41,98.46,99.98,98.3,1.6,0.9633,0.0,2.03,0.3819,0.11,0.379,0.81,99.41,99.5,0.76,0.9584,0.0,4.43,0.4241,0.08,0.402,0.82,86.22,99.72,99.0,0.75,0.9527,0.0,0.34,0.4019,0.35,0.446,0.7,99.99,100.0,1.36,0.9957,3.33,3.33,0.5273,0.112,0.1,99.24,99.1,0.47,0.989,2.52,2.52,0.5341,0.145,0.12,99.61,99.8,,,,,,,,,,,,,,,,,,,,,,,,,,,,,,,,,,,,,,,,,,,,,,,,,,,,,,,,,,,,,,,,,,,,,,,,,,,,,,,,,,,,,,,,,,,,,,,,,,,,,,,,,,,,,,,,,,,,,,
3250,0.4,0.9575,0.0,0.51,0.3936,0.01,0.4,98.75,99.97,95.7,1.6,0.9636,0.0,2.4,0.3817,0.13,0.379,0.81,99.18,98.7,0.75,0.959,0.0,3.8,0.4222,0.13,0.395,0.81,86.91,99.64,98.8,0.74,0.9534,0.0,0.51,0.3997,0.34,0.44,0.7,99.99,100.0,1.37,0.9956,3.1,3.1,0.5251,0.115,0.09,98.95,98.3,0.46,0.9895,2.71,2.71,0.5341,0.141,0.11,99.59,99.8,,,,,,,,,,,,,,,,,,,,,,,,,,,,,,,,,,,,,,,,,,,,,,,,,,,,,,,,,,,,,,,,,,,,,,,,,,,,,,,,,,,,,,,,,,,,,,,,,,,,,,,,,,,,,,,,,,,,,,
3300,0.46,0.9519,0.0,0.2,0.3952,0.0,0.46,97.85,99.98,98.9,1.67,0.9608,0.0,2.63,0.3825,0.14,0.399,0.81,99.51,99.6,0.81,0.9552,0.0,3.61,0.4255,0.09,0.442,0.82,85.34,99.68,99.0,0.76,0.9514,0.0,0.24,0.4007,0.33,0.466,0.7,99.68,100.0,1.43,0.9927,1.8,4.03,0.5331,0.14,0.1,99.36,99.3,0.49,0.9873,2.73,2.73,0.5423,0.173,0.12,99.37,99.8,,,,,,,,,,,,,,,,,,,,,,,,,,,,,,,,,,,,,,,,,,,,,,,,,,,,,,,,,,,,,,,,,,,,,,,,,,,,,,,,,,,,,,,,,,,,,,,,,,,,,,,,,,,,,,,,,,,,,,
3350,0.4,0.9575,0.0,0.39,0.3951,0.05,0.401,98.69,99.97,96.5,1.58,0.9633,0.0,2.05,0.3823,0.11,0.375,0.81,99.49,99.6,0.76,0.9591,0.0,4.76,0.4217,0.15,0.394,0.81,86.54,99.71,98.9,0.73,0.9541,0.0,0.39,0.4017,0.35,0.436,0.7,99.8,100.0,1.33,0.9958,3.67,3.67,0.5312,0.107,0.1,99.25,99.1,0.45,0.9907,2.81,2.81,0.5334,0.135,0.11,99.46,99.8,,,,,,,,,,,,,,,,,,,,,,,,,,,,,,,,,,,,,,,,,,,,,,,,,,,,,,,,,,,,,,,,,,,,,,,,,,,,,,,,,,,,,,,,,,,,,,,,,,,,,,,,,,,,,,,,,,,,,,
3400,0.41,0.9562,0.0,0.55,0.3939,0.01,0.411,98.13,99.98,97.4,1.63,0.9614,0.0,2.03,0.3824,0.13,0.394,0.81,99.38,99.3,0.77,0.9578,0.0,4.27,0.4227,0.09,0.405,0.82,85.89,99.66,99.1,0.74,0.9537,0.0,0.55,0.3998,0.36,0.439,0.7,99.65,100.0,1.4,0.9934,3.11,3.11,0.5342,0.135,0.1,99.1,98.8,0.46,0.99,2.91,2.91,0.5346,0.139,0.11,99.28,99.7,,,,,,,,,,,,,,,,,,,,,,,,,,,,,,,,,,,,,,,,,,,,,,,,,,,,,,,,,,,,,,,,,,,,,,,,,,,,,,,,,,,,,,,,,,,,,,,,,,,,,,,,,,,,,,,,,,,,,,
3450,0.42,0.9564,0.0,0.63,0.3934,0.01,0.417,98.58,99.98,94.8,1.63,0.9618,0.0,3.21,0.3827,0.13,0.396,0.81,99.22,99.1,0.77,0.9581,0.0,4.21,0.422,0.11,0.411,0.82,86.45,99.73,99.1,0.74,0.9528,0.0,0.63,0.4001,0.35,0.449,0.7,99.97,100.0,1.39,0.9938,3.16,3.55,0.5311,0.132,0.1,99.13,98.6,0.47,0.9891,2.38,2.38,0.5385,0.155,0.12,99.62,99.8,,,,,,,,,,,,,,,,,,,,,,,,,,,,,,,,,,,,,,,,,,,,,,,,,,,,,,,,,,,,,,,,,,,,,,,,,,,,,,,,,,,,,,,,,,,,,,,,,,,,,,,,,,,,,,,,,,,,,,
3500,0.41,0.957,0.0,0.47,0.3932,0.09,0.409,98.73,99.97,96.7,1.6,0.9636,0.0,1.93,0.3826,0.14,0.382,0.81,99.49,99.6,0.76,0.9587,0.0,4.31,0.4218,0.2,0.403,0.82,86.72,99.68,98.9,0.74,0.9538,0.0,0.47,0.3994,0.49,0.444,0.7,99.68,100.0,1.36,0.9959,2.47,3.4,0.529,0.119,0.1,99.35,99.2,0.47,0.9904,3.58,3.75,0.532,0.153,0.12,99.17,99.5,,,,,,,,,,,,,,,,,,,,,,,,,,,,,,,,,,,,,,,,,,,,,,,,,,,,,,,,,,,,,,,,,,,,,,,,,,,,,,,,,,,,,,,,,,,,,,,,,,,,,,,,,,,,,,,,,,,,,,
3550,0.4,0.9577,0.0,0.54,0.3931,0.02,0.4,99.08,99.97,95.8,1.62,0.9631,0.0,2.53,0.3829,0.16,0.384,0.8,99.3,99.1,0.76,0.9588,0.0,3.32,0.4217,0.1,0.398,0.81,86.61,99.66,99.2,0.74,0.9541,0.0,0.54,0.3994,0.38,0.436,0.7,99.99,100.0,1.38,0.9954,2.25,4.06,0.5312,0.119,0.09,99.1,98.7,0.46,0.9906,2.69,2.69,0.5311,0.136,0.11,99.52,99.8,,,,,,,,,,,,,,,,,,,,,,,,,,,,,,,,,,,,,,,,,,,,,,,,,,,,,,,,,,,,,,,,,,,,,,,,,,,,,,,,,,,,,,,,,,,,,,,,,,,,,,,,,,,,,,,,,,,,,,
3600,0.47,0.9506,0.0,0.93,0.3949,0.07,0.471,98.89,99.97,91.8,1.67,0.9551,0.0,3.1,0.3835,0.19,0.456,0.82,98.98,98.9,0.81,0.9542,0.0,3.81,0.4225,0.19,0.452,0.83,86.58,99.71,99.0,0.76,0.9518,0.0,0.93,0.4002,0.5,0.464,0.7,99.98,100.0,1.44,0.9863,3.09,3.86,0.5379,0.209,0.12,98.76,98.4,0.49,0.9876,3.35,3.65,0.5345,0.175,0.12,99.36,99.6,,,,,,,,,,,,,,,,,,,,,,,,,,,,,,,,,,,,,,,,,,,,,,,,,,,,,,,,,,,,,,,,,,,,,,,,,,,,,,,,,,,,,,,,,,,,,,,,,,,,,,,,,,,,,,,,,,,,,,
3650,0.39,0.9579,0.0,0.59,0.3931,0.09,0.393,98.75,99.97,96.8,1.59,0.9626,0.0,3.68,0.3822,0.14,0.38,0.8,99.03,98.6,0.75,0.9595,0.0,4.01,0.4215,0.19,0.389,0.81,86.49,99.74,99.3,0.72,0.9549,0.0,0.61,0.3992,0.4,0.428,0.69,99.65,100.0,1.35,0.995,3.76,4.29,0.5272,0.114,0.09,98.89,98.0,0.44,0.9911,2.72,2.72,0.5301,0.126,0.11,99.22,99.7,,,,,,,,,,,,,,,,,,,,,,,,,,,,,,,,,,,,,,,,,,,,,,,,,,,,,,,,,,,,,,,,,,,,,,,,,,,,,,,,,,,,,,,,,,,,,,,,,,,,,,,,,,,,,,,,,,,,,,
3700,0.43,0.9542,0.0,0.48,0.3955,0.04,0.425,98.09,99.98,97.4,1.61,0.962,0.0,2.67,0.3828,0.14,0.387,0.81,99.55,99.6,0.79,0.9559,0.0,4.38,0.4235,0.12,0.421,0.82,85.59,99.74,99.2,0.74,0.9528,0.0,0.65,0.4006,0.35,0.442,0.69,99.6,99.9,1.37,0.9943,3.0,3.42,0.534,0.123,0.1,99.39,99.2,0.46,0.9889,2.74,2.74,0.54,0.142,0.11,99.22,99.7,,,,,,,,,,,,,,,,,,,,,,,,,,,,,,,,,,,,,,,,,,,,,,,,,,,,,,,,,,,,,,,,,,,,,,,,,,,,,,,,,,,,,,,,,,,,,,,,,,,,,,,,,,,,,,,,,,,,,,
3750,0.41,0.9563,0.0,0.42,0.3937,0.01,0.41,98.49,99.97,96.6,1.6,0.9633,0.0,2.87,0.3822,0.15,0.375,0.81,99.43,99.4,0.76,0.9586,0.0,4.53,0.4221,0.1,0.4,0.82,86.25,99.71,98.9,0.73,0.9546,0.0,0.42,0.399,0.37,0.43,0.7,99.65,100.0,1.35,0.9957,2.84,3.69,0.5262,0.104,0.09,99.18,98.9,0.44,0.9912,2.66,2.66,0.5295,0.123,0.11,99.22,99.7,,,,,,,,,,,,,,,,,,,,,,,,,,,,,,,,,,,,,,,,,,,,,,,,,,,,,,,,,,,,,,,,,,,,,,,,,,,,,,,,,,,,,,,,,,,,,,,,,,,,,,,,,,,,,,,,,,,,,,
3800,0.39,0.9585,0.0,0.53,0.393,0.01,0.388,98.75,99.97,95.5,1.6,0.9626,0.0,2.47,0.3827,0.15,0.384,0.8,98.89,99.2,0.74,0.9602,0.0,4.37,0.4212,0.13,0.381,0.81,86.72,99.62,98.7,0.71,0.9556,0.0,0.53,0.399,0.47,0.421,0.69,99.66,100.0,1.36,0.9947,3.8,3.8,0.529,0.118,0.09,98.65,98.7,0.43,0.9923,2.86,2.86,0.5252,0.112,0.1,99.2,99.7,,,,,,,,,,,,,,,,,,,,,,,,,,,,,,,,,,,,,,,,,,,,,,,,,,,,,,,,,,,,,,,,,,,,,,,,,,,,,,,,,,,,,,,,,,,,,,,,,,,,,,,,,,,,,,,,,,,,,,
3850,0.39,0.9581,0.0,0.58,0.3931,0.0,0.393,98.93,99.97,95.4,1.65,0.9589,0.0,2.17,0.3836,0.14,0.417,0.81,99.53,99.6,0.74,0.9598,0.0,3.81,0.421,0.09,0.387,0.81,86.86,99.78,99.3,0.72,0.9543,0.0,0.58,0.3994,0.46,0.432,0.69,99.72,100.0,1.42,0.9904,2.85,3.65,0.537,0.165,0.1,99.32,99.2,0.44,0.9907,3.37,3.55,0.5283,0.129,0.1,99.23,99.6,,,,,,,,,,,,,,,,,,,,,,,,,,,,,,,,,,,,,,,,,,,,,,,,,,,,,,,,,,,,,,,,,,,,,,,,,,,,,,,,,,,,,,,,,,,,,,,,,,,,,,,,,,,,,,,,,,,,,,
3900,0.4,0.9581,0.0,0.66,0.3928,0.0,0.396,98.82,99.98,94.8,1.58,0.9629,0.0,1.8,0.3824,0.14,0.38,0.81,99.6,99.8,0.75,0.96,0.0,3.17,0.4206,0.12,0.387,0.81,86.69,99.76,99.3,0.72,0.9551,0.0,0.48,0.3987,0.47,0.428,0.7,99.97,100.0,1.34,0.9955,3.55,3.55,0.5261,0.111,0.09,99.44,99.3,0.44,0.9917,2.65,2.65,0.5257,0.124,0.11,99.43,99.7,,,,,,,,,,,,,,,,,,,,,,,,,,,,,,,,,,,,,,,,,,,,,,,,,,,,,,,,,,,,,,,,,,,,,,,,,,,,,,,,,,,,,,,,,,,,,,,,,,,,,,,,,,,,,,,,,,,,,,
3950,0.4,0.958,0.0,0.55,0.3931,0.04,0.396,98.56,99.98,95.0,1.59,0.9626,0.0,1.99,0.3823,0.16,0.387,0.8,99.42,99.6,0.75,0.9593,0.0,4.37,0.4212,0.12,0.392,0.81,86.56,99.75,99.4,0.72,0.9548,0.0,0.55,0.3989,0.48,0.427,0.69,99.93,100.0,1.35,0.9946,3.11,3.42,0.524,0.123,0.08,99.23,99.1,0.43,0.9915,3.16,3.62,0.5264,0.119,0.09,99.42,99.6,,,,,,,,,,,,,,,,,,,,,,,,,,,,,,,,,,,,,,,,,,,,,,,,,,,,,,,,,,,,,,,,,,,,,,,,,,,,,,,,,,,,,,,,,,,,,,,,,,,,,,,,,,,,,,,,,,,,,,
4000,0.49,0.9494,0.0,0.04,0.3954,0.0,0.494,98.27,99.99,99.8,1.6,0.9585,0.0,1.65,0.383,0.12,0.432,0.83,99.44,99.6,0.84,0.9518,0.0,3.4,0.4232,0.05,0.478,0.85,86.06,99.79,99.4,0.78,0.9479,0.0,0.23,0.4006,0.47,0.497,0.73,99.67,100.0,1.38,0.9894,3.73,3.73,0.5363,0.193,0.13,99.32,99.1,0.54,0.9821,2.68,3.05,0.5459,0.233,0.16,99.2,99.6,,,,,,,,,,,,,,,,,,,,,,,,,,,,,,,,,,,,,,,,,,,,,,,,,,,,,,,,,,,,,,,,,,,,,,,,,,,,,,,,,,,,,,,,,,,,,,,,,,,,,,,,,,,,,,,,,,,,,,
