BoneName,OffsetX,OffsetY,OffsetZ
Hips,0.007189,0.278603,0.897301
LeftUpperLeg,-0.064694,-0.021925,-0.000001
RightUpperLeg,0.064694,-0.021925,0.000000
LeftLowerLeg,0.000000,0.390811,0.000000
RightLowerLeg,0.000000,0.390811,0.000000
LeftFoot,0.000000,0.409854,0.000000
RightFoot,0.000000,0.409854,0.000000
Spine,0.000000,0.157357,0.000001
Chest,0.000000,0.089937,0.000000
Neck,0.001876,0.163762,0.000000
Head,0.000000,0.064567,0.000000
LeftShoulder,-0.000938,0.129961,0.049804
RightShoulder,-0.000938,0.129964,-0.049803
LeftUpperArm,0.000000,0.053481,0.000000
RightUpperArm,0.000000,0.053481,0.000000
LeftLowerArm,0.000000,0.243286,0.000000
RightLowerArm,0.000000,0.243289,0.000000
LeftHand,0.000000,0.222916,0.000000
RightHand,0.000000,0.222915,0.000000
LeftToes,0.000000,0.117543,0.000000
RightToes,0.000000,0.117543,0.000000
